Iteration,DataSize,InitTime,KernelTime,TraceKernelTime,EpilogueTime,TotalTime
0,1000.0,66576.0,284.0,103.55200000000053,60.0,66922.0
1,1000.0,66764.0,225.0,48.32600000000298,60.0,67050.0
2,1000.0,66769.0,234.0,60.07600000000224,59.0,67064.0
3,1000.0,66616.0,223.0,46.485000000004106,59.0,66899.0
4,1000.0,66523.0,232.0,57.616000000003,60.0,66816.0
5,1000.0,66824.0,250.0,14.960999999999558,60.0,67135.0
6,1000.0,67506.0,255.0,16.731999999997527,62.0,67824.0
7,1000.0,67375.0,243.0,14.321999999999946,62.0,67682.0
8,1000.0,66340.0,231.0,57.61599999999589,60.0,66632.0
9,1000.0,66787.0,228.0,47.81499999999994,61.0,67078.0
0,3000.0,69493.0,313.0,119.06299999999703,120.0,69927.0
1,3000.0,68819.0,283.0,86.48999999999774,127.0,69230.0
2,3000.0,67850.0,346.0,122.06300000000425,125.0,68323.0
3,3000.0,67866.0,266.0,78.10899999999776,121.0,68254.0
4,3000.0,67954.0,273.0,78.11900000000094,124.0,68352.0
5,3000.0,68493.0,308.0,115.46199999999374,121.0,68923.0
6,3000.0,68050.0,268.0,77.14899999999858,120.0,68440.0
7,3000.0,69132.0,310.0,118.63199999999097,121.0,69565.0
8,3000.0,67687.0,277.0,54.97600000000347,124.0,68090.0
9,3000.0,67931.0,332.0,132.99500000000108,126.0,68390.0
0,5000.0,68006.0,330.0,134.28400000000096,178.0,68516.0
1,5000.0,67228.0,284.0,71.79800000000114,214.0,67728.0
2,5000.0,67805.0,336.0,133.39400000000268,172.0,68314.0
3,5000.0,68291.0,292.0,96.91000000000827,171.0,68755.0
4,5000.0,67481.0,288.0,98.88000000000119,169.0,67940.0
5,5000.0,67944.0,341.0,136.12400000000235,174.0,68460.0
6,5000.0,68026.0,283.0,95.870000000005,172.0,68482.0
7,5000.0,68043.0,322.0,133.53400000000448,220.0,68586.0
8,5000.0,67748.0,281.0,92.37999999999857,172.0,68203.0
9,5000.0,68540.0,370.0,148.2560000000035,186.0,69097.0
0,7000.0,69675.0,342.0,148.97600000000466,239.0,70257.0
1,7000.0,68516.0,317.0,115.54200000000492,224.0,69057.0
2,7000.0,67878.0,315.0,113.29200000000128,223.0,68417.0
3,7000.0,68522.0,315.0,113.61200000000338,225.0,69063.0
4,7000.0,68598.0,373.0,116.51299999999765,241.0,69214.0
5,7000.0,69375.0,315.0,118.17200000000128,223.0,69914.0
6,7000.0,68188.0,312.0,114.59300000000638,220.0,68721.0
7,7000.0,68219.0,295.0,110.6410000000011,221.0,68736.0
8,7000.0,68214.0,316.0,120.09299999999712,235.0,68766.0
9,7000.0,68456.0,312.0,116.94300000000624,224.0,68993.0
0,9000.0,70444.0,340.0,135.93500000000347,278.0,71064.0
1,9000.0,68234.0,339.0,136.74500000000478,274.0,68849.0
2,9000.0,68245.0,342.0,134.0150000000051,271.0,68859.0
3,9000.0,67943.0,338.0,135.76499999999925,292.0,68574.0
4,9000.0,68347.0,341.0,136.40399999999886,276.0,68966.0
5,9000.0,68082.0,337.0,135.38499999999942,268.0,68687.0
6,9000.0,67942.0,327.0,131.88399999999945,273.0,68543.0
7,9000.0,68294.0,334.0,135.51500000001226,294.0,68924.0
8,9000.0,67854.0,358.0,169.62900000000047,295.0,68508.0
9,9000.0,70024.0,335.0,133.92500000000496,276.0,70637.0
0,11000.0,68582.0,347.0,151.16600000000346,323.0,69254.0
1,11000.0,68505.0,337.0,149.1759999999971,319.0,69163.0
2,11000.0,68361.0,354.0,151.60600000000102,324.0,69041.0
3,11000.0,68286.0,338.0,148.9660000000015,321.0,68947.0
4,11000.0,68192.0,355.0,154.76699999999965,322.0,68869.0
5,11000.0,68627.0,355.0,151.97700000000225,323.0,69306.0
6,11000.0,68553.0,353.0,146.9759999999951,323.0,69230.0
7,11000.0,68205.0,339.0,150.70699999998993,322.0,68868.0
8,11000.0,68746.0,358.0,155.5270000000064,324.0,69429.0
9,11000.0,68553.0,335.0,147.17599999998754,321.0,69210.0
0,16000.0,69362.0,386.0,187.97999999999604,443.0,70192.0
1,16000.0,68254.0,385.0,188.33999999999662,471.0,69112.0
2,16000.0,68404.0,387.0,189.6910000000105,522.0,69315.0
3,16000.0,68607.0,443.0,233.36500000000626,485.0,69537.0
4,16000.0,68322.0,392.0,198.8010000000031,482.0,69197.0
5,16000.0,68654.0,445.0,235.52599999999302,444.0,69545.0
6,16000.0,68317.0,390.0,162.96799999999223,464.0,69173.0
7,16000.0,68665.0,416.0,225.2950000000027,453.0,69535.0
8,16000.0,70139.0,397.0,197.03099999999552,446.0,70984.0
9,16000.0,68824.0,445.0,232.87499999999284,446.0,69716.0
0,21000.0,68829.0,458.0,244.63599999999985,587.0,69876.0
1,21000.0,70606.0,487.0,275.7390000000015,632.0,71727.0
2,21000.0,69796.0,450.0,243.03600000000358,580.0,70826.0
3,21000.0,71849.0,483.0,275.28999999999826,607.0,72940.0
4,21000.0,69063.0,421.0,203.5020000000003,581.0,70066.0
5,21000.0,69310.0,459.0,244.03699999999162,636.0,70407.0
6,21000.0,70374.0,430.0,235.72500000000218,580.0,71386.0
7,21000.0,69069.0,489.0,276.00000000001046,578.0,70137.0
8,21000.0,70409.0,429.0,234.9750000000057,643.0,71482.0
9,21000.0,73767.0,512.0,290.1509999999945,589.0,74869.0
0,26000.0,68413.0,513.0,312.94299999999,696.0,69624.0
1,26000.0,70715.0,477.0,275.9899999999931,742.0,71935.0
2,26000.0,68193.0,464.0,272.98999999999296,710.0,69368.0
3,26000.0,68271.0,472.0,277.7289999999937,794.0,69538.0
4,26000.0,70990.0,523.0,315.87399999999377,710.0,72224.0
5,26000.0,67818.0,474.0,244.28599999999534,752.0,69045.0
6,26000.0,68947.0,534.0,274.429000000012,770.0,70252.0
7,26000.0,70894.0,563.0,316.3340000000119,771.0,72230.0
8,26000.0,68061.0,503.0,244.8359999999994,736.0,69301.0
9,26000.0,71194.0,505.0,278.8099999999929,712.0,72412.0
0,31000.0,68311.0,594.0,380.06999999999636,829.0,69734.0
1,31000.0,67928.0,543.0,352.16700000000145,825.0,69297.0
2,31000.0,69415.0,1961.0,1755.2480000000087,852.0,72229.0
3,31000.0,69593.0,601.0,368.0489999999992,845.0,71040.0
4,31000.0,70504.0,520.0,322.8940000000051,868.0,71893.0
5,31000.0,70503.0,530.0,326.65500000000236,869.0,71903.0
6,31000.0,69502.0,613.0,379.15100000000734,842.0,70958.0
7,31000.0,76820.0,531.0,319.28400000001034,891.0,78244.0
8,31000.0,68457.0,537.0,320.63500000001,830.0,69825.0
9,31000.0,69556.0,596.0,368.31900000001383,838.0,70992.0
0,36000.0,68907.0,569.0,286.6610000000094,1077.0,70555.0
1,36000.0,70095.0,644.0,403.87300000000437,974.0,71714.0
2,36000.0,70187.0,607.0,367.5800000000038,998.0,71794.0
3,36000.0,70356.0,628.0,403.6739999999952,1007.0,71993.0
4,36000.0,68431.0,584.0,330.85599999999715,953.0,69968.0
5,36000.0,68996.0,621.0,397.3230000000001,986.0,70605.0
6,36000.0,70196.0,605.0,365.37900000000434,1014.0,71816.0
7,36000.0,70240.0,636.0,402.56399999999815,983.0,71860.0
8,36000.0,69014.0,580.0,334.8359999999957,971.0,70566.0
9,36000.0,70005.0,594.0,370.7299999999947,1019.0,71620.0
0,41000.0,70481.0,691.0,447.338000000002,1107.0,72281.0
1,41000.0,69064.0,604.0,376.70099999999707,1197.0,70866.0
2,41000.0,68479.0,642.0,443.68800000000874,1101.0,70223.0
3,41000.0,68791.0,604.0,376.0600000000096,1227.0,70623.0
4,41000.0,70301.0,645.0,408.6539999999985,1138.0,72085.0
5,41000.0,70283.0,704.0,465.1499999999942,1135.0,72124.0
6,41000.0,70310.0,654.0,420.5249999999978,1119.0,72084.0
7,41000.0,71399.0,667.0,443.88800000000117,1110.0,73177.0
8,41000.0,69500.0,656.0,448.9679999999936,1102.0,71259.0
9,41000.0,70092.0,638.0,399.1630000000015,1125.0,71856.0
0,46000.0,72008.0,731.0,492.3730000000006,1274.0,74014.0
1,46000.0,70549.0,707.0,450.839000000002,1232.0,72489.0
2,46000.0,70889.0,753.0,494.213000000002,1236.0,72879.0
3,46000.0,70400.0,694.0,453.1690000000026,1257.0,72352.0
4,46000.0,70484.0,769.0,519.244999999998,1247.0,72501.0
5,46000.0,70699.0,681.0,444.137000000012,1229.0,72610.0
6,46000.0,73537.0,716.0,485.94200000000853,1237.0,75492.0
7,46000.0,70686.0,711.0,458.9289999999977,1228.0,72626.0
8,46000.0,69332.0,643.0,443.92799999999966,1339.0,71315.0
9,46000.0,70204.0,676.0,440.376999999998,1235.0,72117.0
0,51000.0,70432.0,726.0,481.87099999999816,1346.0,72506.0
1,51000.0,73611.0,749.0,487.9620000000102,1354.0,75715.0
2,51000.0,72063.0,755.0,497.9540000000071,1589.0,74407.0
3,51000.0,69396.0,697.0,488.9219999999881,1488.0,71583.0
4,51000.0,69995.0,694.0,486.5219999999937,1428.0,72118.0
5,51000.0,69754.0,734.0,485.432000000003,1422.0,71911.0
6,51000.0,70212.0,721.0,484.8219999999941,1405.0,72339.0
7,51000.0,69182.0,731.0,526.4459999999929,1431.0,71345.0
8,51000.0,73268.0,742.0,490.95300000000464,1368.0,75380.0
9,51000.0,72080.0,783.0,529.5670000000001,1402.0,74266.0
0,56000.0,72193.0,776.0,533.3470000000062,1515.0,74486.0
1,56000.0,69611.0,744.0,523.5160000000008,1528.0,71885.0
2,56000.0,71005.0,784.0,532.8269999999975,1528.0,73319.0
3,56000.0,70174.0,744.0,534.987000000001,1639.0,72559.0
4,56000.0,71831.0,853.0,565.6509999999884,1486.0,74171.0
5,56000.0,79170.0,789.0,540.2780000000007,1522.0,81482.0
6,56000.0,69435.0,768.0,524.8559999999998,1501.0,71705.0
7,56000.0,70176.0,792.0,523.1449999999995,1530.0,72499.0
8,56000.0,69833.0,765.0,528.2059999999973,1503.0,72103.0
9,56000.0,70416.0,832.0,559.2999999999932,1540.0,72789.0
0,61000.0,74317.0,842.0,610.6559999999916,1610.0,76770.0
1,61000.0,75417.0,833.0,571.2110000000052,1620.0,77870.0
2,61000.0,72488.0,778.0,568.3510000000069,1598.0,74865.0
3,61000.0,73582.0,828.0,573.2909999999976,1632.0,76043.0
4,61000.0,75959.0,842.0,565.7110000000074,1609.0,78412.0
5,61000.0,75642.0,798.0,571.9409999999954,1611.0,78052.0
6,61000.0,75465.0,842.0,567.980999999989,1603.0,77912.0
7,61000.0,71612.0,798.0,568.1209999999908,1653.0,74064.0
8,61000.0,76685.0,819.0,573.921999999996,1612.0,79118.0
9,61000.0,71463.0,870.0,635.1580000000041,1611.0,73946.0
0,66000.0,73319.0,846.0,620.586000000003,1753.0,75919.0
1,66000.0,69661.0,810.0,610.1050000000043,1777.0,72250.0
2,66000.0,71365.0,908.0,665.030999999999,1779.0,74054.0
3,66000.0,72527.0,871.0,614.9760000000128,1785.0,75184.0
4,66000.0,72275.0,942.0,649.5399999999876,1763.0,74981.0
5,66000.0,72227.0,877.0,623.0960000000039,1761.0,74867.0
6,66000.0,72403.0,932.0,663.2299999999987,1792.0,75128.0
7,66000.0,72115.0,874.0,624.6659999999906,1782.0,74773.0
8,66000.0,72266.0,912.0,652.8489999999891,1755.0,74934.0
9,66000.0,72646.0,867.0,613.3549999999985,1752.0,75266.0
0,71000.0,72279.0,968.0,706.0060000000021,1911.0,75159.0
1,71000.0,72090.0,914.0,660.4400000000084,1875.0,74880.0
2,71000.0,75021.0,955.0,694.814000000008,1894.0,77871.0
3,71000.0,75038.0,924.0,664.8610000000019,1907.0,77870.0
4,71000.0,74793.0,979.0,692.13400000001,1885.0,77658.0
5,71000.0,70770.0,864.0,623.0060000000037,1857.0,73492.0
6,71000.0,70518.0,904.0,693.9940000000036,1961.0,73384.0
7,71000.0,73182.0,893.0,659.901000000005,1874.0,75950.0
8,71000.0,76003.0,968.0,711.0849999999971,1913.0,78886.0
9,71000.0,74741.0,912.0,669.8209999999989,1904.0,77559.0
0,76000.0,75256.0,1039.0,770.3020000000009,2006.0,78302.0
1,76000.0,72797.0,998.0,694.814000000008,2005.0,75801.0
2,76000.0,72557.0,1015.0,747.5099999999912,2018.0,75590.0
3,76000.0,72809.0,964.0,703.045000000003,2006.0,75781.0
4,76000.0,72634.0,981.0,735.1290000000006,2000.0,75616.0
5,76000.0,72520.0,961.0,700.3249999999923,2002.0,75484.0
6,76000.0,72508.0,1148.0,733.7380000000024,2008.0,75665.0
7,76000.0,73916.0,971.0,710.3559999999902,2036.0,76925.0
8,76000.0,72898.0,1022.0,754.9010000000038,2048.0,75969.0
9,76000.0,72982.0,951.0,704.2250000000081,2040.0,75974.0
0,81000.0,72641.0,1060.0,793.1439999999981,2157.0,75859.0
1,81000.0,74106.0,998.0,750.5999999999915,2169.0,77275.0
2,81000.0,74450.0,1048.0,788.2340000000028,2135.0,77634.0
3,81000.0,69755.0,948.0,709.8759999999942,2254.0,72958.0
4,81000.0,70326.0,1018.0,777.3030000000034,2121.0,73466.0
5,81000.0,72026.0,999.0,742.9190000000006,2156.0,75183.0
6,81000.0,72993.0,1013.0,781.4839999999919,2167.0,76174.0
7,81000.0,72288.0,969.0,736.7189999999937,2141.0,75399.0
8,81000.0,71836.0,1031.0,781.3430000000068,2169.0,75037.0
9,81000.0,72183.0,971.0,736.6279999999961,2140.0,75296.0
0,86000.0,69176.0,1034.0,780.0029999999936,2271.0,72482.0
1,86000.0,69655.0,1033.0,781.7529999999948,2244.0,72934.0
2,86000.0,69653.0,1043.0,786.8840000000006,2278.0,72975.0
3,86000.0,69924.0,1043.0,785.5429999999899,2269.0,73237.0
4,86000.0,72587.0,1092.0,833.2790000000045,2277.0,75957.0
5,86000.0,73755.0,1041.0,784.3139999999948,2308.0,77105.0
6,86000.0,72781.0,1095.0,836.9490000000042,2295.0,76172.0
7,86000.0,72717.0,1076.0,781.7229999999995,2263.0,76057.0
8,86000.0,73138.0,1072.0,817.6670000000001,2253.0,76465.0
9,86000.0,72655.0,1080.0,815.0259999999889,2271.0,76007.0
0,91000.0,73623.0,1122.0,861.8220000000036,2392.0,77137.0
1,91000.0,74305.0,1080.0,817.7179999999993,2385.0,77771.0
2,91000.0,71975.0,1082.0,820.1480000000032,2378.0,75436.0
3,91000.0,72048.0,1090.0,816.4770000000061,2417.0,75555.0
4,91000.0,72213.0,1153.0,876.222999999996,2413.0,75781.0
5,91000.0,72143.0,1075.0,814.785999999998,2390.0,75609.0
6,91000.0,72122.0,1184.0,863.6520000000019,2382.0,75690.0
7,91000.0,72972.0,1097.0,833.2990000000109,2385.0,76455.0
8,91000.0,73091.0,1136.0,865.5029999999897,2375.0,76603.0
9,91000.0,73180.0,1097.0,832.8889999999944,2424.0,76703.0
0,96000.0,73380.0,1125.0,859.1809999999924,2524.0,77030.0
1,96000.0,73166.0,1113.0,862.5409999999931,2515.0,76795.0
2,96000.0,74246.0,1124.0,879.1629999999913,2553.0,77924.0
3,96000.0,73692.0,1157.0,837.0689999999996,2537.0,77387.0
4,96000.0,72974.0,1130.0,874.9330000000128,2514.0,76619.0
5,96000.0,73534.0,1170.0,912.967000000009,2517.0,77221.0
6,96000.0,69796.0,1080.0,832.6190000000082,2632.0,73509.0
7,96000.0,72588.0,1100.0,860.7220000000098,2534.0,76223.0
8,96000.0,69956.0,2063.0,1842.12500000001,2573.0,74593.0
9,96000.0,74971.0,1139.0,871.2930000000085,2547.0,78658.0
0,101000.0,74236.0,1166.0,900.5059999999929,2708.0,78111.0
1,101000.0,72360.0,1149.0,904.9459999999954,2647.0,76158.0
2,101000.0,73358.0,1133.0,899.5859999999993,2664.0,77157.0
3,101000.0,75453.0,1180.0,913.9870000000059,2653.0,79287.0
4,101000.0,73444.0,1177.0,901.5760000000057,2682.0,77304.0
5,101000.0,73736.0,1224.0,947.7709999999888,2712.0,77673.0
6,101000.0,74591.0,1178.0,916.4570000000083,2659.0,78429.0
7,101000.0,70099.0,1201.0,958.9220000000012,2688.0,73988.0
8,101000.0,74894.0,1178.0,911.0769999999917,2695.0,78769.0
9,101000.0,71705.0,1174.0,940.9200000000055,2647.0,75527.0
0,111000.0,73624.0,1214.0,986.9649999999979,2922.0,77761.0
1,111000.0,74083.0,1328.0,1043.7510000000002,2920.0,78332.0
2,111000.0,74078.0,1279.0,1002.4259999999998,2940.0,78298.0
3,111000.0,74150.0,1326.0,1042.1610000000073,2910.0,78388.0
4,111000.0,70175.0,1305.0,1038.9099999999871,2874.0,74356.0
5,111000.0,74600.0,1270.0,993.0649999999872,2928.0,78799.0
6,111000.0,72954.0,1241.0,989.2750000000063,2944.0,77140.0
7,111000.0,72773.0,1245.0,991.4260000000041,2945.0,76964.0
8,111000.0,69967.0,1303.0,1040.3900000000021,2907.0,74180.0
9,111000.0,73847.0,1278.0,1000.2560000000074,2943.0,78069.0
0,121000.0,74227.0,1346.0,1070.7830000000058,3167.0,78741.0
1,121000.0,70232.0,1332.0,1084.2049999999972,3108.0,74673.0
2,121000.0,73158.0,1354.0,1118.1990000000042,3163.0,77677.0
3,121000.0,71083.0,1359.0,1113.7279999999946,3126.0,75570.0
4,121000.0,70251.0,1371.0,1038.7810000000002,3129.0,74753.0
5,121000.0,74919.0,1359.0,1091.916000000012,3137.0,79416.0
6,121000.0,75314.0,1392.0,1116.9980000000096,3191.0,79898.0
7,121000.0,69853.0,1344.0,1072.103999999996,3343.0,74541.0
8,121000.0,74120.0,1349.0,1075.7839999999987,3215.0,78685.0
9,121000.0,69901.0,1327.0,1075.00499999999,3119.0,74349.0
0,131000.0,78234.0,1416.0,1162.8040000000083,3420.0,83072.0
1,131000.0,73338.0,1400.0,1150.9319999999975,3431.0,78170.0
2,131000.0,73130.0,1432.0,1162.7429999999918,3435.0,77999.0
3,131000.0,72768.0,1400.0,1151.451999999992,3444.0,77613.0
4,131000.0,73313.0,1414.0,1160.3339999999916,3466.0,78195.0
5,131000.0,73553.0,1395.0,1160.1029999999923,3458.0,78407.0
6,131000.0,73532.0,1388.0,1151.7220000000066,3437.0,78359.0
7,131000.0,74422.0,1404.0,1163.4829999999993,3428.0,79255.0
8,131000.0,73078.0,1405.0,1163.2730000000038,3641.0,78125.0
9,131000.0,72784.0,1431.0,1159.7929999999933,3442.0,77658.0
0,141000.0,70267.0,1503.0,1229.6809999999994,3695.0,75467.0
1,141000.0,71992.0,1483.0,1233.8209999999917,3697.0,77173.0
2,141000.0,70331.0,1518.0,1246.8730000000078,3671.0,75522.0
3,141000.0,71491.0,1521.0,1243.2720000000045,3699.0,76713.0
4,141000.0,71410.0,1467.0,1231.460999999996,3720.0,76598.0
5,141000.0,71682.0,1482.0,1243.6119999999987,3708.0,76874.0
6,141000.0,70186.0,1520.0,1247.1230000000019,3660.0,75368.0
7,141000.0,70651.0,1535.0,1253.0529999999942,3658.0,75846.0
8,141000.0,73069.0,1490.0,1246.9719999999995,3708.0,78268.0
9,141000.0,73096.0,1500.0,1243.0219999999963,3720.0,78317.0
0,151000.0,79758.0,1602.0,1328.17,3977.0,85338.0
1,151000.0,72293.0,1607.0,1330.7909999999906,3925.0,77826.0
2,151000.0,71274.0,1617.0,1329.8010000000033,3899.0,76792.0
3,151000.0,75383.0,1586.0,1323.8309999999983,3946.0,80916.0
4,151000.0,76265.0,1613.0,1321.4100000000003,3944.0,81823.0
5,151000.0,71085.0,1598.0,1328.3199999999908,3886.0,76570.0
6,151000.0,76383.0,1584.0,1324.3010000000054,3946.0,81913.0
7,151000.0,74996.0,1571.0,1315.5190000000089,3938.0,80506.0
8,151000.0,76429.0,1583.0,1329.950999999994,3931.0,81944.0
9,151000.0,75561.0,1583.0,1323.401000000004,3956.0,81102.0
0,161000.0,71102.0,1706.0,1418.92,4197.0,77007.0
1,161000.0,77729.0,1678.0,1416.089999999997,4208.0,83616.0
2,161000.0,76348.0,1673.0,1421.010999999993,4190.0,82212.0
3,161000.0,77053.0,1682.0,1411.9400000000014,4236.0,82972.0
4,161000.0,76881.0,1682.0,1417.141000000001,4181.0,82746.0
5,161000.0,77066.0,1681.0,1415.520000000001,4234.0,82982.0
6,161000.0,76403.0,1663.0,1402.6589999999999,4239.0,82307.0
7,161000.0,77112.0,1679.0,1416.9200000000046,4218.0,83010.0
8,161000.0,71038.0,1679.0,1417.5199999999961,4146.0,76864.0
9,161000.0,76478.0,1665.0,1411.4000000000005,4186.0,82330.0
0,171000.0,73432.0,1813.0,1536.7329999999981,4467.0,79713.0
1,171000.0,75934.0,1770.0,1499.3690000000015,4490.0,82195.0
2,171000.0,77657.0,1758.0,1485.5369999999937,4475.0,83892.0
3,171000.0,77655.0,1785.0,1505.2100000000053,4445.0,83887.0
4,171000.0,77021.0,1768.0,1504.8689999999992,4465.0,83255.0
5,171000.0,77582.0,1747.0,1488.5479999999943,4455.0,83786.0
6,171000.0,78223.0,1779.0,1501.1789999999933,4461.0,84465.0
7,171000.0,78455.0,1767.0,1497.8380000000016,4441.0,84665.0
8,171000.0,74364.0,1776.0,1502.4990000000003,4469.0,80610.0
9,171000.0,70935.0,1781.0,1502.2400000000005,4388.0,77105.0
0,181000.0,76145.0,1892.0,1610.0610000000017,4690.0,82729.0
1,181000.0,75906.0,1836.0,1572.3659999999882,4747.0,82490.0
2,181000.0,70722.0,1873.0,1580.2869999999984,4717.0,77314.0
3,181000.0,71842.0,1872.0,1582.808,4689.0,78405.0
4,181000.0,76465.0,1847.0,1570.9959999999937,4713.0,83026.0
5,181000.0,78184.0,1869.0,1585.1279999999974,4761.0,84815.0
6,181000.0,77002.0,1831.0,1573.186000000007,4747.0,83582.0
7,181000.0,77055.0,1875.0,1573.3559999999898,4729.0,83661.0
8,181000.0,70745.0,1868.0,1578.1970000000028,4651.0,77265.0
9,181000.0,71760.0,1862.0,1572.9169999999897,4688.0,78311.0
0,191000.0,77140.0,1950.0,1666.396000000006,5011.0,84102.0
1,191000.0,78342.0,1953.0,1666.6460000000002,5005.0,85301.0
2,191000.0,71573.0,1964.0,1668.5659999999984,5007.0,78545.0
3,191000.0,77462.0,1970.0,1698.5600000000004,4945.0,84379.0
4,191000.0,74965.0,1925.0,1652.5350000000003,4986.0,81877.0
5,191000.0,79050.0,1942.0,1662.6460000000093,4985.0,85978.0
6,191000.0,70849.0,1955.0,1662.245999999996,4976.0,77781.0
7,191000.0,79207.0,1933.0,1660.975999999991,4958.0,86099.0
8,191000.0,75428.0,1933.0,1658.0860000000116,4977.0,82339.0
9,191000.0,77663.0,2003.0,1707.710000000006,4953.0,84620.0
0,201000.0,79420.0,2022.0,1743.8939999999975,5254.0,86698.0
1,201000.0,76863.0,2051.0,1753.6959999999908,5242.0,84157.0
2,201000.0,79110.0,2135.0,1787.758999999994,5229.0,86475.0
3,201000.0,70903.0,2053.0,1703.9709999999957,5283.0,78239.0
4,201000.0,80137.0,2041.0,1750.5450000000023,5209.0,87389.0
5,201000.0,78937.0,2086.0,1792.0599999999922,5240.0,86264.0
6,201000.0,78917.0,2053.0,1755.516,5263.0,86234.0
7,201000.0,79067.0,2084.0,1792.238999999995,5271.0,86424.0
8,201000.0,78938.0,2047.0,1749.5249999999915,5239.0,86226.0
9,201000.0,79147.0,2044.0,1752.7449999999903,5249.0,86441.0
0,211000.0,72668.0,2104.0,1821.2729999999908,5522.0,80296.0
1,211000.0,81666.0,2186.0,1877.0679999999943,5480.0,89333.0
2,211000.0,80166.0,2096.0,1830.8140000000037,5514.0,87778.0
3,211000.0,79346.0,2140.0,1868.077999999997,5508.0,86995.0
4,211000.0,80016.0,2141.0,1841.1449999999973,5481.0,87639.0
5,211000.0,72607.0,2107.0,1820.2819999999917,5547.0,80263.0
6,211000.0,72547.0,2125.0,1836.7240000000038,5503.0,80177.0
7,211000.0,72706.0,2136.0,1837.7940000000024,5533.0,80377.0
8,211000.0,72810.0,2122.0,1835.7939999999928,5509.0,80441.0
9,211000.0,80027.0,2145.0,1872.3679999999945,5471.0,87644.0
0,221000.0,78521.0,2215.0,1916.5320000000038,5788.0,86525.0
1,221000.0,78148.0,2263.0,1957.9069999999915,5737.0,86149.0
2,221000.0,72762.0,2212.0,1868.5779999999995,5701.0,80676.0
3,221000.0,80168.0,2180.0,1903.8809999999985,5777.0,88126.0
4,221000.0,72305.0,2212.0,1919.4530000000043,5700.0,80219.0
5,221000.0,81010.0,2254.0,1955.7970000000041,5796.0,89061.0
6,221000.0,78000.0,2199.0,1916.402000000005,5763.0,85963.0
7,221000.0,74013.0,2195.0,1900.4410000000007,5711.0,81921.0
8,221000.0,74590.0,2245.0,1958.9270000000029,5783.0,82619.0
9,221000.0,75731.0,2203.0,1908.7920000000054,5796.0,83731.0
0,231000.0,76937.0,2296.0,1997.4710000000046,6040.0,85274.0
1,231000.0,74320.0,2286.0,1998.8120000000008,6057.0,82664.0
2,231000.0,78763.0,2310.0,2006.1019999999985,6018.0,87092.0
3,231000.0,79041.0,2385.0,1988.7700000000023,6080.0,87507.0
4,231000.0,78671.0,2290.0,1999.171000000004,6039.0,87001.0
5,231000.0,72284.0,2285.0,1988.6099999999942,6167.0,80737.0
6,231000.0,81415.0,2294.0,1988.6699999999992,6087.0,89798.0
7,231000.0,74244.0,2272.0,1996.0809999999897,6031.0,82548.0
8,231000.0,71805.0,2288.0,1986.3500000000017,6027.0,80122.0
9,231000.0,77892.0,2343.0,1988.7700000000023,6025.0,86261.0
0,241000.0,78120.0,2394.0,2089.950999999999,6260.0,86776.0
1,241000.0,72357.0,2360.0,2074.909000000005,6316.0,81035.0
2,241000.0,72661.0,2405.0,2068.1489999999912,6418.0,81485.0
3,241000.0,72267.0,2421.0,2069.218000000006,6297.0,80986.0
4,241000.0,72711.0,2367.0,2073.9189999999894,6312.0,81391.0
5,241000.0,72715.0,2386.0,2082.539000000011,6308.0,81410.0
6,241000.0,73081.0,2358.0,2069.8979999999947,6244.0,81685.0
7,241000.0,74315.0,2394.0,2085.8300000000013,6281.0,82991.0
8,241000.0,73049.0,2393.0,2089.5609999999892,6280.0,81724.0
9,241000.0,82686.0,2354.0,2069.1290000000035,6305.0,91347.0
0,251000.0,80074.0,2466.0,2166.5689999999954,6509.0,89050.0
1,251000.0,75445.0,2463.0,2168.938999999995,6519.0,84429.0
2,251000.0,73043.0,2506.0,2153.6569999999956,6457.0,82008.0
3,251000.0,73903.0,2460.0,2154.0669999999977,6406.0,82770.0
4,251000.0,72918.0,2441.0,2154.006999999993,6485.0,81846.0
5,251000.0,77616.0,2486.0,2170.289000000011,6572.0,86675.0
6,251000.0,77888.0,2461.0,2165.2480000000055,6497.0,86848.0
7,251000.0,75389.0,2457.0,2158.3980000000056,6534.0,84381.0
8,251000.0,74445.0,2468.0,2165.7579999999966,6536.0,83451.0
9,251000.0,74718.0,2438.0,2154.6979999999962,6570.0,83727.0
0,261000.0,75135.0,2544.0,2241.1560000000036,6816.0,84497.0
1,261000.0,79418.0,2533.0,2244.776999999999,6816.0,88769.0
2,261000.0,80626.0,2533.0,2237.316000000007,6786.0,89946.0
3,261000.0,80029.0,2539.0,2248.1970000000047,6767.0,89336.0
4,261000.0,77635.0,2524.0,2239.8560000000034,6820.0,86981.0
5,261000.0,78538.0,2546.0,2248.807999999997,6815.0,87901.0
6,261000.0,79396.0,2528.0,2238.355999999996,6819.0,88745.0
7,261000.0,73489.0,2537.0,2247.8069999999943,7034.0,83061.0
8,261000.0,73914.0,2549.0,2239.375999999993,6967.0,83431.0
9,261000.0,81471.0,2599.0,2244.265999999996,6827.0,90898.0
0,271000.0,79410.0,2643.0,2337.7459999999955,7051.0,89105.0
1,271000.0,72926.0,2632.0,2331.236000000004,6959.0,82519.0
2,271000.0,72719.0,2631.0,2325.9350000000013,6947.0,82298.0
3,271000.0,72647.0,2623.0,2323.234999999997,6928.0,82198.0
4,271000.0,76925.0,2640.0,2337.1369999999984,7059.0,86626.0
5,271000.0,76407.0,2612.0,2326.62599999999,7056.0,86077.0
6,271000.0,72969.0,2626.0,2323.335,6966.0,82562.0
7,271000.0,72772.0,2612.0,2328.125,6938.0,82324.0
8,271000.0,72535.0,2613.0,2329.675000000009,7157.0,82307.0
9,271000.0,76666.0,2627.0,2336.4760000000047,7146.0,86441.0
0,281000.0,72997.0,2711.0,2412.5939999999987,7343.0,83052.0
1,281000.0,72909.0,2724.0,2420.2749999999896,7356.0,82990.0
2,281000.0,73715.0,2698.0,2409.5139999999874,7348.0,83763.0
3,281000.0,73565.0,2728.0,2420.865000000006,7354.0,83647.0
4,281000.0,71354.0,2722.0,2419.354999999996,7254.0,81331.0
5,281000.0,73946.0,2723.0,2418.7940000000053,7333.0,84004.0
6,281000.0,73282.0,2805.0,2484.220999999991,7317.0,83405.0
7,281000.0,73679.0,2697.0,2408.3929999999896,7356.0,83733.0
8,281000.0,74343.0,2808.0,2402.152000000001,7332.0,84483.0
9,281000.0,72644.0,2721.0,2420.644999999993,7366.0,82732.0
0,291000.0,73350.0,2791.0,2501.663999999991,7601.0,83744.0
1,291000.0,71576.0,2780.0,2491.2220000000075,7514.0,81872.0
2,291000.0,73565.0,2793.0,2499.013000000005,7608.0,83967.0
3,291000.0,72751.0,2804.0,2503.102999999996,7582.0,83139.0
4,291000.0,73524.0,2778.0,2485.782,7608.0,83911.0
5,291000.0,73223.0,2817.0,2484.380999999999,7604.0,83646.0
6,291000.0,73414.0,2786.0,2495.3730000000005,7624.0,83825.0
7,291000.0,74022.0,2805.0,2498.2129999999925,7578.0,84406.0
8,291000.0,72778.0,2801.0,2498.272,7605.0,83185.0
9,291000.0,73008.0,2815.0,2505.204000000006,7575.0,83399.0
0,301000.0,75737.0,2890.0,2588.452000000004,7867.0,86496.0
1,301000.0,75371.0,2877.0,2579.911999999993,7861.0,86110.0
2,301000.0,74479.0,2866.0,2569.2899999999954,7857.0,85203.0
3,301000.0,74336.0,2872.0,2573.29,7849.0,85058.0
4,301000.0,73691.0,2874.0,2569.9010000000017,7868.0,84434.0
5,301000.0,72241.0,2864.0,2573.020999999997,7876.0,82982.0
6,301000.0,72628.0,2877.0,2597.8139999999994,7890.0,83397.0
7,301000.0,72268.0,2859.0,2568.650000000005,7963.0,83091.0
8,301000.0,74320.0,2875.0,2572.5400000000036,7828.0,85025.0
9,301000.0,73954.0,2877.0,2578.150999999991,7840.0,84673.0
0,311000.0,71589.0,2938.0,2655.7089999999876,8007.0,82536.0
1,311000.0,71407.0,2958.0,2656.9199999999996,7965.0,82331.0
2,311000.0,74704.0,2946.0,2657.349999999994,8096.0,85748.0
3,311000.0,74383.0,3006.0,2663.4600000000005,8099.0,85489.0
4,311000.0,71121.0,2968.0,2666.150000000002,7996.0,82087.0
5,311000.0,75400.0,2982.0,2666.2299999999987,8135.0,86518.0
6,311000.0,74696.0,2975.0,2664.0900000000015,8133.0,85805.0
7,311000.0,74914.0,2965.0,2660.14899999999,8111.0,85992.0
8,311000.0,74776.0,2956.0,2655.7490000000003,8109.0,85842.0
9,311000.0,71094.0,2992.0,2653.988999999996,8003.0,82091.0
0,321000.0,76027.0,3042.0,2748.7589999999927,8365.0,87436.0
1,321000.0,72173.0,3082.0,2736.2979999999907,8397.0,83653.0
2,321000.0,71659.0,3021.0,2742.60799999999,8264.0,82945.0
3,321000.0,74873.0,3028.0,2735.9770000000053,8391.0,86293.0
4,321000.0,72162.0,3031.0,2741.6180000000027,8267.0,83461.0
5,321000.0,74388.0,3034.0,2743.0180000000064,8405.0,85828.0
6,321000.0,72119.0,3037.0,2748.699000000002,8248.0,83405.0
7,321000.0,71600.0,3080.0,2735.9480000000076,8269.0,82950.0
8,321000.0,71865.0,3053.0,2751.1989999999996,8224.0,83144.0
9,321000.0,71830.0,3055.0,2750.9490000000055,8244.0,83131.0
0,331000.0,72989.0,3128.0,2823.9460000000063,8681.0,84800.0
1,331000.0,74148.0,3146.0,2839.3779999999965,8668.0,85963.0
2,331000.0,74143.0,3124.0,2821.6959999999885,8624.0,85893.0
3,331000.0,74047.0,3117.0,2823.556999999994,8643.0,85809.0
4,331000.0,71504.0,3159.0,2820.6459999999965,8565.0,83229.0
5,331000.0,71564.0,3103.0,2820.155999999997,8599.0,83267.0
6,331000.0,71601.0,3119.0,2822.867000000002,8600.0,83322.0
7,331000.0,72824.0,3126.0,2830.7479999999996,8657.0,84608.0
8,331000.0,74351.0,3118.0,2822.1259999999975,8695.0,86165.0
9,331000.0,74130.0,3131.0,2828.427000000005,8672.0,85935.0
0,341000.0,72942.0,3207.0,2916.5959999999986,8903.0,85053.0
1,341000.0,72247.0,3196.0,2904.944999999998,9153.0,84598.0
2,341000.0,72188.0,3196.0,2905.135000000001,9156.0,84541.0
3,341000.0,74460.0,3207.0,2915.1750000000047,8884.0,86552.0
4,341000.0,73206.0,3206.0,2902.6340000000064,8963.0,85377.0
5,341000.0,74761.0,3195.0,2903.123999999991,8901.0,86858.0
6,341000.0,74577.0,3208.0,2913.505999999998,8909.0,86694.0
7,341000.0,74479.0,3217.0,2920.926999999992,8927.0,86624.0
8,341000.0,74552.0,3207.0,2917.445999999998,8924.0,86684.0
9,341000.0,72415.0,3197.0,2907.4449999999956,9151.0,84765.0
0,351000.0,72735.0,3275.0,2993.8240000000037,9081.0,85091.0
1,351000.0,75039.0,3369.0,3003.0649999999923,9242.0,87652.0
2,351000.0,73742.0,3284.0,2991.8130000000074,9158.0,86186.0
3,351000.0,73679.0,3279.0,2987.704000000008,9171.0,86131.0
4,351000.0,74366.0,3362.0,2995.4040000000077,9163.0,86893.0
5,351000.0,72637.0,3307.0,2999.1039999999884,9055.0,85000.0
6,351000.0,73938.0,3313.0,2999.374000000003,9188.0,86440.0
7,351000.0,72647.0,3276.0,2993.8439999999955,9057.0,84981.0
8,351000.0,75102.0,3300.0,2991.514000000009,9164.0,87567.0
9,351000.0,74387.0,3311.0,3005.004999999997,9144.0,86843.0
0,361000.0,74032.0,3357.0,3068.002000000007,9434.0,86823.0
1,361000.0,77659.0,3382.0,3033.918999999997,9435.0,90477.0
2,361000.0,72418.0,3414.0,3111.006000000003,9438.0,85271.0
3,361000.0,72098.0,3414.0,3038.2589999999964,9458.0,84971.0
4,361000.0,75967.0,3375.0,3071.3520000000044,9429.0,88773.0
5,361000.0,74958.0,3453.0,3127.927999999997,9458.0,87870.0
6,361000.0,72263.0,3360.0,3037.247999999991,9438.0,85062.0
7,361000.0,72279.0,3417.0,3117.5369999999984,9445.0,85142.0
8,361000.0,74647.0,3395.0,3081.7830000000013,9445.0,87488.0
9,361000.0,72176.0,3370.0,3079.802999999998,9475.0,85023.0
0,371000.0,74227.0,3445.0,3150.7610000000027,9851.0,87524.0
1,371000.0,75989.0,3519.0,3206.0560000000037,9711.0,89221.0
2,371000.0,73942.0,3462.0,3119.1069999999995,9861.0,87266.0
3,371000.0,73349.0,3496.0,3200.514999999996,9836.0,86682.0
4,371000.0,73739.0,3458.0,3120.6870000000035,9891.0,87089.0
5,371000.0,73283.0,3521.0,3217.6170000000043,9849.0,86655.0
6,371000.0,73399.0,3471.0,3165.6210000000015,9883.0,86755.0
7,371000.0,74891.0,3462.0,3158.791000000008,9699.0,88053.0
8,371000.0,76195.0,3450.0,3147.4800000000014,9695.0,89341.0
9,371000.0,73625.0,3458.0,3165.5310000000013,9840.0,86925.0
0,381000.0,77144.0,3602.0,3290.165000000002,9927.0,90674.0
1,381000.0,73185.0,3550.0,3204.084999999992,9784.0,86520.0
2,381000.0,73074.0,3608.0,3291.054000000003,9792.0,86476.0
3,381000.0,75966.0,3556.0,3253.2400000000052,9980.0,89504.0
4,381000.0,77137.0,3606.0,3291.774000000004,9961.0,90706.0
5,381000.0,75692.0,3554.0,3247.6199999999976,9957.0,89204.0
6,381000.0,75993.0,3537.0,3232.9690000000114,9910.0,89442.0
7,381000.0,73608.0,3552.0,3257.201000000009,9770.0,86931.0
8,381000.0,76810.0,3559.0,3249.701000000002,9983.0,90353.0
9,381000.0,73680.0,3542.0,3236.7789999999986,9740.0,86963.0
0,391000.0,73006.0,3638.0,3330.479000000011,10433.0,87078.0
1,391000.0,75247.0,3676.0,3369.332,10265.0,89190.0
2,391000.0,73425.0,3631.0,3289.2439999999965,10254.0,87310.0
3,391000.0,72404.0,3668.0,3370.942999999997,10410.0,86484.0
4,391000.0,72976.0,3676.0,3289.9550000000063,10425.0,87079.0
5,391000.0,72537.0,3664.0,3367.383000000004,10400.0,86603.0
6,391000.0,74335.0,3634.0,3333.8289999999943,10281.0,88252.0
7,391000.0,75885.0,3730.0,3366.8030000000044,10221.0,89838.0
8,391000.0,73928.0,3637.0,3326.207999999994,10245.0,87810.0
9,391000.0,77116.0,3641.0,3334.529000000003,10265.0,91024.0
0,401000.0,74089.0,3716.0,3407.5660000000025,10487.0,88294.0
1,401000.0,74194.0,3772.0,3458.442000000005,10550.0,88517.0
2,401000.0,72515.0,3701.0,3370.9730000000063,10625.0,86842.0
3,401000.0,73884.0,3702.0,3404.136000000008,10501.0,88089.0
4,401000.0,75395.0,3708.0,3408.376000000004,10484.0,89589.0
5,401000.0,75481.0,3719.0,3425.568999999996,10482.0,89682.0
6,401000.0,72540.0,3703.0,3413.667000000004,10664.0,86909.0
7,401000.0,72978.0,3718.0,3409.346999999997,10520.0,87218.0
8,401000.0,72752.0,3721.0,3419.777999999994,10686.0,87161.0
9,401000.0,74985.0,3759.0,3455.251000000004,10497.0,89243.0
0,411000.0,73281.0,3785.0,3457.5809999999906,10545.0,87612.0
1,411000.0,74474.0,3790.0,3493.814999999998,10754.0,89020.0
2,411000.0,76233.0,3816.0,3520.718000000002,10744.0,90794.0
3,411000.0,76024.0,3814.0,3504.3660000000045,10753.0,90592.0
4,411000.0,76116.0,3840.0,3531.3990000000076,10804.0,90761.0
5,411000.0,76135.0,3797.0,3493.335000000002,10755.0,90688.0
6,411000.0,76431.0,3784.0,3488.725000000002,10822.0,91039.0
7,411000.0,77265.0,3819.0,3454.4910000000045,10769.0,91854.0
8,411000.0,75584.0,3787.0,3488.6040000000094,10739.0,90112.0
9,411000.0,75977.0,3866.0,3572.304000000003,10754.0,90599.0
0,421000.0,76153.0,3885.0,3584.5139999999988,11060.0,91100.0
1,421000.0,72522.0,3870.0,3584.3550000000023,10947.0,87341.0
2,421000.0,73218.0,3866.0,3579.533999999995,10879.0,87964.0
3,421000.0,76584.0,3896.0,3536.6390000000083,11023.0,91504.0
4,421000.0,72718.0,3899.0,3611.8879999999936,10851.0,87470.0
5,421000.0,73252.0,3889.0,3534.509,10847.0,87989.0
6,421000.0,72858.0,3923.0,3611.5369999999984,11102.0,87885.0
7,421000.0,73122.0,3887.0,3536.590000000004,10834.0,87844.0
8,421000.0,74629.0,3859.0,3564.1020000000053,11004.0,89494.0
9,421000.0,74790.0,3884.0,3580.3240000000046,11024.0,89700.0
0,431000.0,75838.0,3958.0,3658.4819999999922,11286.0,91083.0
1,431000.0,73081.0,3949.0,3661.183000000008,11473.0,88505.0
2,431000.0,76954.0,4017.0,3709.2269999999985,11303.0,92276.0
3,431000.0,72960.0,3947.0,3622.657999999987,11388.0,88296.0
4,431000.0,72982.0,4002.0,3696.4159999999993,11418.0,88403.0
5,431000.0,72726.0,3960.0,3618.6380000000045,11496.0,88184.0
6,431000.0,72916.0,4010.0,3700.0869999999964,11467.0,88394.0
7,431000.0,73086.0,3993.0,3623.6579999999917,11440.0,88521.0
8,431000.0,73120.0,3988.0,3700.41599999999,11485.0,88595.0
9,431000.0,75093.0,3974.0,3664.633000000009,11321.0,90389.0
0,441000.0,73372.0,4049.0,3753.9019999999964,11457.0,88879.0
1,441000.0,75923.0,4092.0,3789.356000000012,11561.0,91577.0
2,441000.0,75284.0,4042.0,3742.070999999996,11595.0,90922.0
3,441000.0,77009.0,4083.0,3779.2139999999963,11547.0,92641.0
4,441000.0,73423.0,4041.0,3707.547000000005,11480.0,88946.0
5,441000.0,75563.0,4094.0,3742.9309999999987,11559.0,91217.0
6,441000.0,73024.0,4053.0,3753.840999999994,11473.0,88551.0
7,441000.0,75759.0,4106.0,3791.425000000004,11581.0,91448.0
8,441000.0,73014.0,4051.0,3660.782000000012,11447.0,88513.0
9,441000.0,73223.0,4088.0,3788.3659999999963,11439.0,88751.0
0,451000.0,76380.0,4138.0,3828.3600000000033,11842.0,92362.0
1,451000.0,75266.0,4141.0,3832.8300000000013,11825.0,91233.0
2,451000.0,76230.0,4130.0,3821.669,11846.0,92208.0
3,451000.0,75350.0,4127.0,3827.6800000000007,11797.0,91276.0
4,451000.0,74664.0,4134.0,3826.708999999994,11607.0,90407.0
5,451000.0,75549.0,4118.0,3818.5979999999945,11796.0,91464.0
6,451000.0,74441.0,4124.0,3824.5990000000065,11635.0,90201.0
7,451000.0,76065.0,4116.0,3826.519000000005,11799.0,91982.0
8,451000.0,75365.0,4120.0,3820.4080000000004,11834.0,91321.0
9,451000.0,74500.0,4115.0,3830.748999999997,11642.0,90257.0
0,461000.0,74414.0,4219.0,3910.898000000003,11928.0,90563.0
1,461000.0,76537.0,4214.0,3906.1769999999997,12076.0,92828.0
2,461000.0,74286.0,4206.0,3907.2570000000014,11914.0,90408.0
3,461000.0,76503.0,4187.0,3900.4060000000036,12085.0,92776.0
4,461000.0,75716.0,4202.0,3909.778000000003,12081.0,92000.0
5,461000.0,75544.0,4210.0,3909.547000000003,12027.0,91782.0
6,461000.0,75615.0,4207.0,3906.897000000001,12094.0,91917.0
7,461000.0,75649.0,4237.0,3895.3659999999954,12072.0,91960.0
8,461000.0,74334.0,4216.0,3912.187000000003,11951.0,90502.0
9,461000.0,73807.0,4213.0,3917.1380000000086,11925.0,89946.0
0,471000.0,73377.0,4324.0,3983.935000000002,12129.0,89831.0
1,471000.0,73244.0,4279.0,3979.3749999999905,12131.0,89655.0
2,471000.0,78600.0,4305.0,4000.5469999999973,12368.0,95275.0
3,471000.0,73068.0,4280.0,3987.2950000000033,12102.0,89451.0
4,471000.0,73636.0,4287.0,3993.8259999999987,12100.0,90023.0
5,471000.0,77125.0,4291.0,3991.166000000007,12302.0,93720.0
6,471000.0,77868.0,4301.0,3995.676000000003,12318.0,94488.0
7,471000.0,74844.0,4337.0,4040.190999999993,12347.0,91529.0
8,471000.0,73128.0,4305.0,3954.5419999999895,12235.0,89669.0
9,471000.0,77841.0,4288.0,3994.6159999999936,12393.0,94523.0
0,481000.0,75907.0,4379.0,4077.324000000004,12624.0,92912.0
1,481000.0,73030.0,4373.0,4082.6959999999985,12414.0,89818.0
2,481000.0,73734.0,4366.0,4068.103000000008,12361.0,90462.0
3,481000.0,73420.0,4367.0,4069.8639999999955,12411.0,90199.0
4,481000.0,76438.0,4380.0,4079.915,12578.0,93397.0
5,481000.0,79393.0,4417.0,4116.258999999999,12609.0,96421.0
6,481000.0,73562.0,4381.0,4038.5899999999992,12411.0,90355.0
7,481000.0,73740.0,4416.0,4118.549000000002,12376.0,90533.0
8,481000.0,73645.0,4380.0,4037.70999999999,12461.0,90488.0
9,481000.0,73774.0,4415.0,4114.388000000005,12445.0,90635.0
0,491000.0,76451.0,4452.0,4155.023,12841.0,93745.0
1,491000.0,77035.0,4512.0,4206.978000000006,12897.0,94446.0
2,491000.0,75989.0,4445.0,4155.833000000001,12841.0,93276.0
3,491000.0,75121.0,4497.0,4193.086999999991,12872.0,92491.0
4,491000.0,75653.0,4468.0,4165.804000000008,12865.0,92987.0
5,491000.0,74962.0,4518.0,4207.718,12862.0,92343.0
6,491000.0,74917.0,4514.0,4150.111999999993,12824.0,92256.0
7,491000.0,73180.0,4453.0,4158.483000000004,12712.0,90346.0
8,491000.0,73486.0,4456.0,4157.662000000002,12688.0,90632.0
9,491000.0,75982.0,4519.0,4208.838,12851.0,93353.0
0,501000.0,73191.0,4548.0,4203.778,13412.0,91152.0
1,501000.0,78698.0,4541.0,4222.699000000006,13148.0,96389.0
2,501000.0,76079.0,4537.0,4239.491000000001,13104.0,93720.0
3,501000.0,78348.0,4541.0,4244.081000000008,13117.0,96007.0
4,501000.0,78201.0,4564.0,4247.890999999996,13112.0,95878.0
5,501000.0,78238.0,4533.0,4234.590999999995,13145.0,95918.0
6,501000.0,78294.0,4556.0,4250.572000000006,13113.0,95964.0
7,501000.0,73298.0,4538.0,4242.330999999993,13368.0,91205.0
8,501000.0,73427.0,4557.0,4246.151000000012,13387.0,91373.0
9,501000.0,77421.0,4534.0,4246.200999999999,13145.0,95101.0
0,511000.0,73702.0,4624.0,4330.129999999997,13284.0,91612.0
1,511000.0,73982.0,4636.0,4333.479999999994,13317.0,91936.0
2,511000.0,77382.0,4625.0,4323.308999999995,13403.0,95412.0
3,511000.0,75216.0,4610.0,4320.588999999998,13380.0,93207.0
4,511000.0,74852.0,4633.0,4324.569999999994,13417.0,92903.0
5,511000.0,73518.0,4624.0,4323.839000000006,13574.0,91717.0
6,511000.0,75832.0,4618.0,4317.769000000013,13399.0,93850.0
7,511000.0,74995.0,4639.0,4334.10099999999,13363.0,92999.0
8,511000.0,75264.0,4606.0,4317.828999999989,13398.0,93269.0
9,511000.0,74080.0,4624.0,4321.049000000002,13435.0,92141.0
0,521000.0,75310.0,4707.0,4412.747999999993,13506.0,93524.0
1,521000.0,74989.0,4715.0,4414.729000000008,13514.0,93220.0
2,521000.0,78474.0,4698.0,4412.577999999996,13663.0,96836.0
3,521000.0,75276.0,4708.0,4414.238999999995,13522.0,93507.0
4,521000.0,75016.0,4705.0,4409.298000000007,13743.0,93466.0
5,521000.0,79020.0,4719.0,4415.228999999997,13680.0,97420.0
6,521000.0,74942.0,4705.0,4415.608000000006,13560.0,93208.0
7,521000.0,76256.0,4741.0,4441.070999999994,13646.0,94644.0
8,521000.0,75116.0,4700.0,4404.327000000009,13483.0,93300.0
9,521000.0,74932.0,4714.0,4415.068000000005,13497.0,93145.0
0,531000.0,75877.0,4776.0,4487.945999999994,14182.0,94836.0
1,531000.0,76693.0,4786.0,4483.125000000001,13932.0,95412.0
2,531000.0,77509.0,4809.0,4501.557000000005,13983.0,96302.0
3,531000.0,76009.0,4792.0,4496.8470000000025,13949.0,94751.0
4,531000.0,77110.0,4782.0,4486.636000000004,13886.0,95779.0
5,531000.0,75274.0,4777.0,4486.776000000006,14166.0,94219.0
6,531000.0,75133.0,4801.0,4501.346999999995,14199.0,94133.0
7,531000.0,75658.0,4781.0,4479.934999999998,13975.0,94416.0
8,531000.0,77250.0,4794.0,4494.94700000001,13906.0,95951.0
9,531000.0,75013.0,4838.0,4494.206000000006,14184.0,94036.0
0,541000.0,73946.0,4886.0,4580.775000000002,14123.0,92956.0
1,541000.0,73882.0,4906.0,4610.788,14060.0,92849.0
2,541000.0,73871.0,4862.0,4567.414,14091.0,92826.0
3,541000.0,77752.0,4894.0,4593.926999999993,14282.0,96929.0
4,541000.0,77148.0,4871.0,4574.855,14171.0,96192.0
5,541000.0,73848.0,4868.0,4571.423999999994,14097.0,92815.0
6,541000.0,74309.0,4891.0,4586.405999999996,14087.0,93288.0
7,541000.0,77643.0,4870.0,4577.614999999994,14213.0,96728.0
8,541000.0,77144.0,4883.0,4579.385000000002,14169.0,96198.0
9,541000.0,82411.0,4856.0,4566.833000000002,14163.0,101431.0
0,551000.0,74509.0,4995.0,4694.277000000014,14162.0,93667.0
1,551000.0,73830.0,4944.0,4655.782999999999,14180.0,92955.0
2,551000.0,74236.0,4961.0,4655.7729999999965,14578.0,93776.0
3,551000.0,77628.0,4970.0,4664.31399999999,14469.0,97068.0
4,551000.0,74362.0,4948.0,4653.142000000003,14261.0,93573.0
5,551000.0,76639.0,4961.0,4668.284,14463.0,96064.0
6,551000.0,76444.0,4972.0,4669.443999999999,14459.0,95876.0
7,551000.0,74711.0,4955.0,4654.392999999999,14237.0,93904.0
8,551000.0,76782.0,4976.0,4671.183999999997,14424.0,96184.0
9,551000.0,76460.0,4970.0,4665.973999999991,14409.0,95839.0
0,561000.0,74696.0,5060.0,4751.573000000008,14948.0,94705.0
1,561000.0,74004.0,5060.0,4758.403000000001,14723.0,93788.0
2,561000.0,76800.0,5022.0,4735.601000000002,14709.0,96533.0
3,561000.0,74156.0,5052.0,4749.911999999995,14938.0,94147.0
4,561000.0,74370.0,5052.0,4748.981999999998,14932.0,94355.0
5,561000.0,77222.0,5055.0,4754.542999999998,14708.0,96987.0
6,561000.0,73814.0,5028.0,4737.571000000003,14912.0,93756.0
7,561000.0,74217.0,5060.0,4751.333000000002,14934.0,94212.0
8,561000.0,77215.0,5075.0,4754.863,14692.0,96984.0
9,561000.0,76787.0,5033.0,4740.821000000011,14704.0,96525.0
0,571000.0,74261.0,5135.0,4834.341000000009,14731.0,94128.0
1,571000.0,73956.0,5137.0,4834.099999999992,14724.0,93819.0
2,571000.0,74716.0,5135.0,4834.1209999999965,14702.0,94554.0
3,571000.0,77238.0,5150.0,4838.091000000006,14951.0,97340.0
4,571000.0,76518.0,5122.0,4829.999999999998,14986.0,96627.0
5,571000.0,74220.0,5139.0,4837.251000000009,14724.0,94084.0
6,571000.0,74642.0,5114.0,4819.148999999996,14715.0,94472.0
7,571000.0,77071.0,5142.0,4840.131999999997,14953.0,97168.0
8,571000.0,76624.0,5115.0,4820.639,15001.0,96741.0
9,571000.0,78195.0,5139.0,4833.510000000004,14923.0,98258.0
0,581000.0,77661.0,5215.0,4912.037999999995,15249.0,98126.0
1,581000.0,78714.0,5207.0,4910.628000000002,15244.0,99166.0
2,581000.0,74927.0,5201.0,4903.848000000011,15063.0,95193.0
3,581000.0,77550.0,5223.0,4914.429000000013,15173.0,97947.0
4,581000.0,76780.0,5216.0,4914.958999999996,15256.0,97254.0
5,581000.0,75496.0,5208.0,4906.587000000001,15032.0,95737.0
6,581000.0,77796.0,5220.0,4917.449000000005,15229.0,98246.0
7,581000.0,74558.0,5216.0,4916.938999999999,15059.0,94835.0
8,581000.0,75111.0,5226.0,4917.068999999998,15026.0,95364.0
9,581000.0,74500.0,5219.0,4915.148000000002,15033.0,94754.0
0,591000.0,77888.0,5296.0,5000.16699999999,15496.0,98680.0
1,591000.0,80162.0,5307.0,5000.728000000009,15533.0,101002.0
2,591000.0,75076.0,5309.0,5000.506999999999,15374.0,95760.0
3,591000.0,74875.0,5279.0,4986.456000000004,15360.0,95516.0
4,591000.0,74614.0,5284.0,4987.276000000009,15365.0,95264.0
5,591000.0,74758.0,5290.0,4992.555999999993,15363.0,95412.0
6,591000.0,74479.0,5285.0,4987.406000000007,15346.0,95112.0
7,591000.0,79600.0,5275.0,4985.5859999999975,15505.0,100381.0
8,591000.0,79358.0,5288.0,4993.8859999999895,15484.0,100132.0
9,591000.0,78257.0,5294.0,4996.787000000012,15476.0,99029.0
0,601000.0,80393.0,5377.0,5071.353999999999,15743.0,101514.0
1,601000.0,82318.0,5372.0,5076.8650000000125,15706.0,103397.0
2,601000.0,81523.0,5388.0,5086.365999999998,15717.0,102629.0
3,601000.0,74755.0,5373.0,5074.113999999994,15504.0,95633.0
4,601000.0,81590.0,5411.0,5074.203999999994,15759.0,102761.0
5,601000.0,82676.0,5370.0,5075.355000000001,15803.0,103850.0
6,601000.0,74743.0,5369.0,5073.8650000000125,15486.0,95600.0
7,601000.0,74786.0,5379.0,5076.244000000002,15472.0,95639.0
8,601000.0,81227.0,5370.0,5073.014000000001,15720.0,102319.0
9,601000.0,81768.0,5373.0,5073.475000000002,15821.0,102964.0
0,611000.0,74588.0,5461.0,5164.003000000008,15828.0,95878.0
1,611000.0,75127.0,5459.0,5163.094000000001,15977.0,96565.0
2,611000.0,83821.0,5468.0,5166.983000000002,15931.0,105222.0
3,611000.0,82650.0,5450.0,5154.811999999993,15967.0,104069.0
4,611000.0,84103.0,5467.0,5167.984000000004,15982.0,105554.0
5,611000.0,83913.0,5461.0,5166.234000000003,16006.0,105382.0
6,611000.0,82638.0,5471.0,5168.853999999996,15999.0,104109.0
7,611000.0,82621.0,5513.0,5155.182000000011,16013.0,104149.0
8,611000.0,75903.0,5457.0,5161.953000000011,15773.0,97133.0
9,611000.0,82903.0,5491.0,5155.183000000008,15988.0,104383.0
0,621000.0,75867.0,5559.0,5251.502000000002,16106.0,97534.0
1,621000.0,75114.0,5536.0,5237.2709999999925,16104.0,96756.0
2,621000.0,80187.0,5603.0,5247.541999999996,16240.0,102032.0
3,621000.0,74977.0,5532.0,5234.561,16126.0,96637.0
4,621000.0,75495.0,5538.0,5240.881000000001,16109.0,97143.0
5,621000.0,81521.0,5525.0,5232.829999999993,16240.0,103287.0
6,621000.0,81537.0,5540.0,5240.661000000003,16232.0,103310.0
7,621000.0,81535.0,5537.0,5246.341000000001,16277.0,103351.0
8,621000.0,81433.0,5549.0,5249.031999999999,16271.0,103255.0
9,621000.0,75285.0,5558.0,5251.422000000005,16112.0,96956.0
0,631000.0,81528.0,5612.0,5317.789000000004,16517.0,103658.0
1,631000.0,82573.0,5664.0,5357.942999999992,16553.0,104791.0
2,631000.0,75022.0,5641.0,5332.010000000011,16866.0,97531.0
3,631000.0,81369.0,5617.0,5322.718999999992,16558.0,103545.0
4,631000.0,82372.0,5637.0,5332.459999999997,16562.0,104573.0
5,631000.0,75049.0,5618.0,5321.529000000012,16857.0,97526.0
6,631000.0,81188.0,5695.0,5328.530000000001,16465.0,103349.0
7,631000.0,82462.0,5619.0,5322.359000000006,16554.0,104637.0
8,631000.0,75000.0,5615.0,5319.669000000004,16875.0,97492.0
9,631000.0,82248.0,5626.0,5322.468999999998,16534.0,104410.0
0,641000.0,75579.0,5696.0,5399.286999999987,16574.0,97850.0
1,641000.0,81380.0,5753.0,5446.320999999997,16805.0,103939.0
2,641000.0,82175.0,5702.0,5412.087999999997,16770.0,104649.0
3,641000.0,78191.0,5771.0,5455.861999999996,16763.0,100727.0
4,641000.0,74973.0,5720.0,5371.024000000006,16585.0,97280.0
5,641000.0,75189.0,5755.0,5451.211999999998,16612.0,97557.0
6,641000.0,75000.0,5702.0,5372.224000000003,16588.0,97291.0
7,641000.0,74687.0,5774.0,5458.513000000011,16588.0,97050.0
8,641000.0,74811.0,5729.0,5370.122999999992,16586.0,97127.0
9,641000.0,74863.0,5765.0,5455.043000000003,16599.0,97228.0
0,651000.0,75620.0,5815.0,5450.832000000006,17097.0,98533.0
1,651000.0,75326.0,5856.0,5542.432000000005,17067.0,98252.0
2,651000.0,75026.0,5788.0,5452.532000000005,17059.0,97874.0
3,651000.0,75077.0,5831.0,5528.239999999997,17061.0,97970.0
4,651000.0,85211.0,5787.0,5494.446000000011,17089.0,108089.0
5,651000.0,81351.0,5807.0,5500.466000000003,17092.0,104252.0
6,651000.0,75103.0,5785.0,5485.445999999996,16894.0,97783.0
7,651000.0,75373.0,5791.0,5495.055999999991,16981.0,98145.0
8,651000.0,75083.0,5802.0,5494.896000000012,16926.0,97812.0
9,651000.0,75090.0,5807.0,5496.746999999999,16929.0,97828.0
0,661000.0,75699.0,5859.0,5564.802999999998,17463.0,99023.0
1,661000.0,82330.0,5871.0,5575.133999999991,17351.0,105553.0
2,661000.0,82581.0,5919.0,5539.08100000001,17311.0,105812.0
3,661000.0,75674.0,5909.0,5612.127999999999,17661.0,99245.0
4,661000.0,82453.0,5883.0,5578.983999999991,17318.0,105656.0
5,661000.0,84064.0,5934.0,5619.008999999991,17363.0,107362.0
6,661000.0,75893.0,5888.0,5535.970000000006,17682.0,99465.0
7,661000.0,80858.0,5865.0,5564.192999999988,17353.0,104077.0
8,661000.0,75887.0,5906.0,5567.6630000000105,17859.0,99654.0
9,661000.0,81228.0,5888.0,5581.125,17402.0,104520.0
0,671000.0,76760.0,5999.0,5651.8820000000005,17545.0,100305.0
1,671000.0,75792.0,5946.0,5649.971999999991,17545.0,99284.0
2,671000.0,75448.0,5949.0,5654.051999999993,17551.0,98949.0
3,671000.0,83533.0,6010.0,5705.307000000004,17561.0,107106.0
4,671000.0,76624.0,5968.0,5617.508000000001,17487.0,100081.0
5,671000.0,75249.0,6023.0,5708.6479999999965,17469.0,98742.0
6,671000.0,83563.0,5974.0,5665.752999999995,17586.0,107124.0
7,671000.0,84089.0,5950.0,5656.382000000008,17515.0,107555.0
8,671000.0,76201.0,5950.0,5658.902999999995,17488.0,99641.0
9,671000.0,75485.0,5961.0,5660.902000000007,17503.0,98950.0
0,681000.0,84846.0,6048.0,5747.861000000001,17836.0,108731.0
1,681000.0,79928.0,6037.0,5744.601000000003,17875.0,103842.0
2,681000.0,79685.0,6086.0,5781.684999999996,17818.0,103591.0
3,681000.0,75595.0,6054.0,5702.446999999992,17575.0,99225.0
4,681000.0,75735.0,6093.0,5789.445999999998,17638.0,99467.0
5,681000.0,75750.0,6089.0,5705.196999999998,17659.0,99499.0
6,681000.0,75548.0,6087.0,5784.814999999995,17631.0,99268.0
7,681000.0,75060.0,6054.0,5705.625999999995,17630.0,98745.0
8,681000.0,79715.0,6056.0,5755.840999999989,17800.0,103572.0
9,681000.0,82787.0,6058.0,5754.952000000003,17853.0,106700.0
0,691000.0,78464.0,6195.0,5877.775,18041.0,102702.0
1,691000.0,78685.0,6142.0,5839.17000000001,18082.0,102910.0
2,691000.0,77133.0,6171.0,5872.214,18133.0,101439.0
3,691000.0,78920.0,6120.0,5821.269000000001,18137.0,103179.0
4,691000.0,80450.0,6151.0,5853.502000000006,18111.0,104714.0
5,691000.0,75336.0,6132.0,5786.5639999999985,18333.0,99802.0
6,691000.0,75687.0,6175.0,5872.663999999986,18317.0,100180.0
7,691000.0,75271.0,6144.0,5786.194000000009,18325.0,99742.0
8,691000.0,79031.0,6109.0,5817.026999999996,18085.0,103226.0
9,691000.0,75113.0,6121.0,5820.278000000002,18326.0,99561.0
0,701000.0,75963.0,6212.0,5916.948000000005,18456.0,100632.0
1,701000.0,79936.0,6252.0,5946.88099999999,18350.0,104539.0
2,701000.0,75529.0,6220.0,5869.422999999998,18412.0,100163.0
3,701000.0,75926.0,6249.0,5950.170999999998,18432.0,100608.0
4,701000.0,76126.0,6211.0,5871.702999999997,18428.0,100766.0
5,701000.0,75807.0,6244.0,5949.950999999999,18458.0,100511.0
6,701000.0,79128.0,6224.0,5918.757999999997,18353.0,103707.0
7,701000.0,77973.0,6282.0,5960.661999999999,18405.0,102661.0
8,701000.0,77917.0,6207.0,5908.107000000001,18345.0,102470.0
9,701000.0,78957.0,6267.0,5956.782000000004,18401.0,103627.0
0,711000.0,76098.0,6313.0,5951.590999999993,18312.0,100724.0
1,711000.0,76471.0,6348.0,6039.640000000006,18385.0,101206.0
2,711000.0,75860.0,6304.0,5953.321000000003,18351.0,100517.0
3,711000.0,79375.0,6285.0,5987.294999999989,18672.0,104334.0
4,711000.0,76966.0,6294.0,5997.93600000001,18349.0,101610.0
5,711000.0,77233.0,6304.0,5999.645999999999,18371.0,101910.0
6,711000.0,78628.0,6382.0,6076.354000000009,18584.0,103595.0
7,711000.0,76031.0,6295.0,5950.920999999994,18396.0,100722.0
8,711000.0,78440.0,6287.0,5990.874000000005,18644.0,103372.0
9,711000.0,75659.0,6284.0,5989.193999999998,18347.0,100291.0
0,721000.0,80671.0,6426.0,6121.6280000000015,18906.0,106004.0
1,721000.0,75585.0,6398.0,6038.800000000009,18744.0,100728.0
2,721000.0,80127.0,6361.0,6071.33300000001,18944.0,105434.0
3,721000.0,78539.0,6433.0,6125.769000000006,19042.0,104016.0
4,721000.0,75829.0,6402.0,6036.288999999996,18605.0,100837.0
5,721000.0,78938.0,6386.0,6084.474,18882.0,104207.0
6,721000.0,75715.0,6385.0,6083.724000000004,18604.0,100705.0
7,721000.0,79938.0,6422.0,6123.018000000002,18909.0,105271.0
8,721000.0,75970.0,6376.0,6040.909,18717.0,101064.0
9,721000.0,75626.0,6444.0,6123.548,18663.0,100734.0
0,731000.0,76087.0,6481.0,6118.097000000006,19258.0,101827.0
1,731000.0,75823.0,6513.0,6204.716000000005,19242.0,101579.0
2,731000.0,80674.0,6453.0,6155.421000000004,19211.0,106340.0
3,731000.0,80102.0,6524.0,6208.607000000001,19153.0,105781.0
4,731000.0,79909.0,6471.0,6166.311999999991,19151.0,105532.0
5,731000.0,80148.0,6471.0,6169.392000000002,19108.0,105728.0
6,731000.0,79935.0,6475.0,6169.80199999999,19144.0,105556.0
7,731000.0,79818.0,6515.0,6203.586000000001,19184.0,105519.0
8,731000.0,79715.0,6454.0,6153.650999999996,19140.0,105311.0
9,731000.0,76532.0,6438.0,6147.170000000003,19226.0,102198.0
0,741000.0,80667.0,6555.0,6247.861000000001,19402.0,106626.0
1,741000.0,77737.0,6541.0,6234.729000000001,19082.0,103361.0
2,741000.0,82245.0,6551.0,6249.780999999999,19388.0,108186.0
3,741000.0,82429.0,6533.0,6236.888999999991,19414.0,108378.0
4,741000.0,77921.0,6612.0,6242.778999999999,19110.0,103645.0
5,741000.0,77152.0,6556.0,6250.03000000001,19104.0,102813.0
6,741000.0,76785.0,6536.0,6237.379000000004,19075.0,102397.0
7,741000.0,76663.0,6531.0,6238.5790000000015,19144.0,102339.0
8,741000.0,76545.0,6566.0,6224.146999999988,19150.0,102262.0
9,741000.0,76476.0,6557.0,6248.040000000003,19126.0,102161.0
0,751000.0,82530.0,6675.0,6316.358000000008,19683.0,108889.0
1,751000.0,79510.0,6658.0,6289.423999999997,19767.0,105936.0
2,751000.0,77064.0,6636.0,6330.798000000002,19464.0,103165.0
3,751000.0,82208.0,6616.0,6317.307,19798.0,108623.0
4,751000.0,80084.0,6622.0,6318.027000000001,19712.0,106419.0
5,751000.0,85700.0,6625.0,6327.967999999999,19655.0,111982.0
6,751000.0,79224.0,6637.0,6330.308000000003,19707.0,105569.0
7,751000.0,79296.0,6691.0,6375.0020000000095,19746.0,105734.0
8,751000.0,77212.0,6646.0,6286.083000000005,20238.0,104098.0
9,751000.0,78570.0,6629.0,6329.617999999997,19716.0,104916.0
0,761000.0,80078.0,6776.0,6458.901000000012,19953.0,106809.0
1,761000.0,76323.0,6718.0,6369.231999999996,19605.0,102647.0
2,761000.0,76432.0,6759.0,6455.050999999998,19623.0,102815.0
3,761000.0,76156.0,6758.0,6367.371000000006,19617.0,102531.0
4,761000.0,81308.0,6715.0,6416.945999999996,19906.0,107930.0
5,761000.0,80154.0,6774.0,6458.7610000000095,19942.0,106872.0
6,761000.0,76780.0,6741.0,6370.231000000004,19594.0,103116.0
7,761000.0,76134.0,6769.0,6457.851000000005,19619.0,102524.0
8,761000.0,76515.0,6701.0,6372.6320000000105,19591.0,102808.0
9,761000.0,79476.0,6695.0,6399.154999999993,20034.0,106206.0
0,771000.0,76614.0,6830.0,6481.5329999999985,20431.0,103875.0
1,771000.0,81118.0,6837.0,6538.888,20198.0,108154.0
2,771000.0,77014.0,6793.0,6450.310000000001,20437.0,104245.0
3,771000.0,81127.0,6804.0,6493.093999999999,20247.0,108180.0
4,771000.0,76964.0,6803.0,6496.525000000005,20447.0,104215.0
5,771000.0,81097.0,6785.0,6492.823999999999,20305.0,108188.0
6,771000.0,83005.0,6798.0,6498.1039999999975,20233.0,110038.0
7,771000.0,76917.0,6850.0,6498.174000000006,20411.0,104179.0
8,771000.0,82162.0,6835.0,6530.147999999997,20227.0,109225.0
9,771000.0,81812.0,6812.0,6506.726000000001,20235.0,108860.0
0,781000.0,80362.0,6929.0,6622.347000000005,20465.0,107758.0
1,781000.0,83346.0,6889.0,6584.783000000001,20530.0,110765.0
2,781000.0,77431.0,6887.0,6583.603000000011,20545.0,104865.0
3,781000.0,77445.0,6865.0,6570.791999999998,20591.0,104903.0
4,781000.0,81465.0,6925.0,6619.545999999999,20477.0,108868.0
5,781000.0,80277.0,6892.0,6586.853000000005,20440.0,107611.0
6,781000.0,80687.0,6947.0,6625.2669999999935,20483.0,108118.0
7,781000.0,85559.0,6878.0,6535.898000000003,21035.0,113474.0
8,781000.0,82506.0,6891.0,6582.323000000002,20493.0,109892.0
9,781000.0,81621.0,6939.0,6625.396999999993,20457.0,109018.0
0,791000.0,78098.0,6973.0,6620.066999999992,20394.0,105466.0
1,791000.0,77086.0,7010.0,6706.15500000001,20388.0,104485.0
2,791000.0,80411.0,6966.0,6663.691,20764.0,108142.0
3,791000.0,80745.0,6993.0,6693.833999999995,20852.0,108592.0
4,791000.0,78205.0,6958.0,6667.641000000003,20824.0,105989.0
5,791000.0,80641.0,7026.0,6710.196000000011,20756.0,108424.0
6,791000.0,77488.0,6954.0,6619.156000000004,20410.0,104853.0
7,791000.0,77186.0,7051.0,6703.654,20389.0,104627.0
8,791000.0,76945.0,6975.0,6618.805999999992,20414.0,104334.0
9,791000.0,79372.0,6963.0,6664.400000000001,20885.0,107222.0
0,801000.0,77297.0,7045.0,6745.4280000000035,20729.0,105072.0
1,801000.0,80691.0,7089.0,6785.742999999997,21000.0,108783.0
2,801000.0,76749.0,7048.0,6704.764999999995,20726.0,104525.0
3,801000.0,76458.0,7089.0,6751.538999999994,20770.0,104319.0
4,801000.0,79516.0,7080.0,6741.447999999991,21044.0,107642.0
5,801000.0,80171.0,7061.0,6750.529,21054.0,108287.0
6,801000.0,76578.0,7045.0,6745.498999999995,20743.0,104368.0
7,801000.0,79600.0,7042.0,6743.598000000005,21134.0,107777.0
8,801000.0,80191.0,7040.0,6743.027999999996,21029.0,108262.0
9,801000.0,76997.0,7048.0,6740.837999999996,20697.0,104743.0
0,811000.0,79516.0,7122.0,6828.016000000005,21272.0,107912.0
1,811000.0,77011.0,7115.0,6820.735999999996,21349.0,105476.0
2,811000.0,79586.0,7130.0,6833.567000000002,21299.0,108016.0
3,811000.0,79083.0,7122.0,6820.845000000006,21278.0,107485.0
4,811000.0,79720.0,7137.0,6832.8170000000055,21255.0,108114.0
5,811000.0,79392.0,7133.0,6830.946999999995,21243.0,107769.0
6,811000.0,76994.0,7137.0,6836.496999999994,21336.0,105469.0
7,811000.0,77475.0,7118.0,6826.306000000002,21374.0,105969.0
8,811000.0,77142.0,7121.0,6826.637000000005,21312.0,105576.0
9,811000.0,76924.0,7133.0,6828.1759999999995,21588.0,105647.0
0,821000.0,77376.0,7224.0,6914.47500000001,21241.0,105842.0
1,821000.0,79679.0,7210.0,6910.404999999997,21524.0,108415.0
2,821000.0,80783.0,7200.0,6905.224000000004,21537.0,109520.0
3,821000.0,77217.0,7226.0,6918.375999999995,21163.0,105607.0
4,821000.0,77293.0,7199.0,6900.773000000001,21225.0,105718.0
5,821000.0,77239.0,7220.0,6916.025000000005,21285.0,105746.0
6,821000.0,78879.0,7208.0,6907.713999999998,21520.0,107607.0
7,821000.0,79483.0,7215.0,6913.424999999989,21558.0,108257.0
8,821000.0,79977.0,7204.0,6910.383999999994,21599.0,108782.0
9,821000.0,79474.0,7221.0,6918.014999999997,21561.0,108257.0
0,831000.0,80873.0,7299.0,6996.503000000004,21782.0,109955.0
1,831000.0,77356.0,7292.0,6995.801999999998,21490.0,106139.0
2,831000.0,80169.0,7292.0,6997.552999999996,21803.0,109265.0
3,831000.0,79154.0,7285.0,6990.542000000005,21775.0,108216.0
4,831000.0,79228.0,7310.0,7000.992999999994,21844.0,108383.0
5,831000.0,80643.0,7286.0,6989.912000000004,21817.0,109748.0
6,831000.0,80408.0,7291.0,6988.821999999999,21786.0,109487.0
7,831000.0,79276.0,7301.0,6997.453000000007,21825.0,108403.0
8,831000.0,77288.0,7310.0,7008.323000000004,21422.0,106021.0
9,831000.0,79237.0,7359.0,6981.730999999996,21793.0,108391.0
0,841000.0,81352.0,7380.0,7078.3410000000085,22081.0,110815.0
1,841000.0,81652.0,7367.0,7074.68,22033.0,111053.0
2,841000.0,80106.0,7380.0,7077.670999999995,22042.0,109529.0
3,841000.0,76722.0,7384.0,7079.140999999992,21871.0,105978.0
4,841000.0,82583.0,7386.0,7084.802000000011,22071.0,112041.0
5,841000.0,77059.0,7384.0,7079.020999999997,21839.0,106282.0
6,841000.0,81127.0,7387.0,7087.130999999999,22094.0,110610.0
7,841000.0,79177.0,7366.0,7069.879,22087.0,108631.0
8,841000.0,81280.0,7389.0,7088.060999999996,22055.0,110725.0
9,841000.0,81986.0,7388.0,7086.461,22132.0,111509.0
0,851000.0,82799.0,7458.0,7164.948999999993,22390.0,112648.0
1,851000.0,80439.0,7462.0,7161.648999999997,22331.0,110235.0
2,851000.0,76914.0,7471.0,7168.689,22159.0,106545.0
3,851000.0,77119.0,7473.0,7136.625999999993,22165.0,106758.0
4,851000.0,77202.0,7468.0,7163.429000000007,22173.0,106844.0
5,851000.0,81323.0,7475.0,7168.079000000006,22358.0,111157.0
6,851000.0,81061.0,7456.0,7155.678000000009,22330.0,110849.0
7,851000.0,77028.0,7465.0,7171.578999999994,22189.0,106683.0
8,851000.0,81379.0,7478.0,7169.020000000003,22377.0,111235.0
9,851000.0,80989.0,7476.0,7172.550000000001,22379.0,110846.0
0,861000.0,82110.0,7549.0,7248.487000000012,22550.0,112211.0
1,861000.0,77525.0,7556.0,7249.246999999997,22272.0,107354.0
2,861000.0,82408.0,7538.0,7237.255999999988,22597.0,112544.0
3,861000.0,77526.0,7556.0,7261.378999999991,22215.0,107298.0
4,861000.0,81061.0,7559.0,7255.138000000003,22593.0,111215.0
5,861000.0,80883.0,7554.0,7247.837000000004,22634.0,111072.0
6,861000.0,80972.0,7534.0,7232.624999999999,22584.0,111092.0
7,861000.0,80794.0,7543.0,7245.936999999998,22571.0,110909.0
8,861000.0,80866.0,7544.0,7248.967000000008,22570.0,110982.0
9,861000.0,80814.0,7565.0,7255.416999999994,22599.0,110980.0
0,871000.0,82010.0,7641.0,7332.084999999992,22839.0,112491.0
1,871000.0,80525.0,7642.0,7333.3350000000055,22876.0,111044.0
2,871000.0,80771.0,7647.0,7338.4360000000015,22838.0,111257.0
3,871000.0,80386.0,7629.0,7325.855000000004,22883.0,110900.0
4,871000.0,80587.0,7624.0,7323.29399999999,22873.0,111085.0
5,871000.0,80546.0,7615.0,7320.844000000008,22879.0,111042.0
6,871000.0,80692.0,7634.0,7328.26399999999,22878.0,111205.0
7,871000.0,78573.0,7632.0,7330.474999999993,22646.0,108853.0
8,871000.0,78145.0,7634.0,7332.444999999992,22637.0,108417.0
9,871000.0,77864.0,7613.0,7325.373999999996,22611.0,108090.0
0,881000.0,81657.0,7710.0,7404.903000000005,23126.0,112493.0
1,881000.0,78132.0,7721.0,7415.262999999996,23396.0,109251.0
2,881000.0,83218.0,7700.0,7405.191999999999,23132.0,114052.0
3,881000.0,82935.0,7705.0,7410.603000000009,23178.0,113819.0
4,881000.0,82663.0,7747.0,7441.275000000004,23126.0,113537.0
5,881000.0,81236.0,7719.0,7415.372000000005,23125.0,112081.0
6,881000.0,78022.0,7681.0,7396.740999999992,23343.0,109048.0
7,881000.0,81890.0,7700.0,7405.162000000004,23127.0,112719.0
8,881000.0,78880.0,7729.0,7415.733000000003,23198.0,109810.0
9,881000.0,81810.0,7766.0,7413.572999999999,23151.0,112727.0
0,891000.0,82929.0,7811.0,7504.071999999994,23464.0,114206.0
1,891000.0,82213.0,7793.0,7494.921000000005,23388.0,113395.0
2,891000.0,80078.0,7787.0,7494.101000000001,23400.0,111267.0
3,891000.0,77558.0,7789.0,7494.071000000005,23679.0,109028.0
4,891000.0,81822.0,7852.0,7491.139999999988,23412.0,113087.0
5,891000.0,80257.0,7801.0,7500.421000000003,23434.0,111494.0
6,891000.0,82407.0,7793.0,7493.33,23363.0,113564.0
7,891000.0,80869.0,7796.0,7497.100000000003,23390.0,112057.0
8,891000.0,81374.0,7803.0,7498.220000000003,23473.0,112651.0
9,891000.0,77471.0,7801.0,7500.220999999996,23717.0,108991.0
0,901000.0,78206.0,7886.0,7586.249999999993,23423.0,109516.0
1,901000.0,77442.0,7883.0,7582.578999999995,23517.0,108843.0
2,901000.0,77684.0,7877.0,7578.468000000001,23433.0,108995.0
3,901000.0,79042.0,7878.0,7578.519,23660.0,110582.0
4,901000.0,78444.0,7865.0,7570.558000000005,23656.0,109967.0
5,901000.0,79422.0,7879.0,7579.888999999995,23704.0,111007.0
6,901000.0,78190.0,7871.0,7577.728999999991,23638.0,109700.0
7,901000.0,78614.0,7888.0,7585.920000000002,23629.0,110133.0
8,901000.0,77551.0,7884.0,7578.918999999999,23496.0,108933.0
9,901000.0,77621.0,7886.0,7583.138000000005,23601.0,109109.0
0,911000.0,77912.0,7969.0,7665.267,24416.0,110298.0
1,911000.0,77817.0,7958.0,7662.937,24357.0,110133.0
2,911000.0,77829.0,7953.0,7658.785999999992,24381.0,110165.0
3,911000.0,77488.0,7959.0,7658.485999999996,23972.0,109421.0
4,911000.0,77801.0,7971.0,7663.747000000001,24038.0,109812.0
5,911000.0,78281.0,7961.0,7660.976000000005,23997.0,110241.0
6,911000.0,77891.0,7968.0,7666.977000000003,23978.0,109838.0
7,911000.0,78415.0,7955.0,7661.885999999996,23940.0,110311.0
8,911000.0,77723.0,7978.0,7667.716999999996,23955.0,109658.0
9,911000.0,77727.0,7956.0,7661.975999999996,23943.0,109628.0
0,921000.0,77442.0,8049.0,7748.294000000002,24522.0,110014.0
1,921000.0,77503.0,8047.0,7746.345000000005,24529.0,110080.0
2,921000.0,78063.0,8035.0,7740.154000000004,24200.0,110299.0
3,921000.0,77530.0,8052.0,7749.745000000004,24487.0,110070.0
4,921000.0,77894.0,8118.0,7751.235000000008,24157.0,110171.0
5,921000.0,77385.0,8056.0,7752.166000000003,24499.0,109941.0
6,921000.0,77551.0,8037.0,7745.5739999999905,24507.0,110097.0
7,921000.0,77269.0,8059.0,7749.803999999997,24581.0,109911.0
8,921000.0,77468.0,8049.0,7745.72400000001,24530.0,110048.0
9,921000.0,80191.0,8055.0,7747.425000000007,24196.0,112444.0
0,931000.0,78988.0,8127.0,7825.642000000002,24460.0,111578.0
1,931000.0,78797.0,8123.0,7825.412,24475.0,111396.0
2,931000.0,78703.0,8122.0,7826.611999999997,24445.0,111271.0
3,931000.0,78112.0,8120.0,7829.0619999999935,24495.0,110729.0
4,931000.0,80923.0,8137.0,7831.762999999995,24581.0,113642.0
5,931000.0,77764.0,8127.0,7827.111999999999,24505.0,110398.0
6,931000.0,77578.0,8138.0,7834.463,24467.0,110185.0
7,931000.0,77648.0,8146.0,7833.092000000008,24465.0,110261.0
8,931000.0,78023.0,8133.0,7831.702000000007,24528.0,110684.0
9,931000.0,81085.0,8187.0,7830.001999999993,24407.0,113681.0
0,941000.0,79864.0,8200.0,7910.630999999995,24705.0,112771.0
1,941000.0,78817.0,8215.0,7913.969999999992,24699.0,111732.0
2,941000.0,78888.0,8207.0,7903.080000000003,24737.0,111834.0
3,941000.0,78695.0,8216.0,7915.501000000006,24602.0,111515.0
4,941000.0,81693.0,8223.0,7916.129999999996,24661.0,114578.0
5,941000.0,77782.0,8205.0,7911.230000000003,24427.0,110415.0
6,941000.0,78807.0,8219.0,7919.251000000003,24665.0,111692.0
7,941000.0,78889.0,8225.0,7916.290000000004,24716.0,111831.0
8,941000.0,77696.0,8198.0,7899.018999999996,24489.0,110385.0
9,941000.0,79042.0,8211.0,7917.291000000006,24709.0,111963.0
0,951000.0,80468.0,8286.0,7996.048000000002,24965.0,113720.0
1,951000.0,79787.0,8294.0,7995.838000000006,24988.0,113072.0
2,951000.0,79696.0,8312.0,8000.658999999999,24949.0,112959.0
3,951000.0,80015.0,8308.0,8003.28900000001,24999.0,113323.0
4,951000.0,85265.0,8355.0,8037.723,25060.0,118681.0
5,951000.0,79081.0,8295.0,7995.387999999992,24989.0,112366.0
6,951000.0,78754.0,8345.0,8034.352000000013,25048.0,112148.0
7,951000.0,78007.0,8303.0,7949.003000000004,24609.0,110921.0
8,951000.0,79091.0,8282.0,7986.216999999996,24944.0,112319.0
9,951000.0,80238.0,8332.0,8029.55200000001,25013.0,113584.0
0,961000.0,79219.0,8387.0,8080.596999999997,25281.0,112890.0
1,961000.0,78289.0,8382.0,8083.667000000006,24988.0,111659.0
2,961000.0,81860.0,8414.0,8115.890000000008,25227.0,115502.0
3,961000.0,80442.0,8393.0,8088.296999999997,25223.0,114059.0
4,961000.0,77936.0,8389.0,8088.426999999996,24921.0,111247.0
5,961000.0,81013.0,8440.0,8125.870000000006,25248.0,114703.0
6,961000.0,80856.0,8401.0,8091.197000000008,25232.0,114491.0
7,961000.0,80841.0,8382.0,8085.107000000008,25234.0,114458.0
8,961000.0,80649.0,8432.0,8070.21499999999,25167.0,114249.0
9,961000.0,82620.0,8386.0,8082.846000000003,25202.0,116209.0
0,971000.0,81910.0,8521.0,8208.539000000002,25514.0,115947.0
1,971000.0,78405.0,8473.0,8120.140000000007,25366.0,112245.0
2,971000.0,78284.0,8524.0,8207.647999999992,25596.0,112405.0
3,971000.0,78400.0,8480.0,8120.710000000003,25342.0,112224.0
4,971000.0,78261.0,8503.0,8206.198,25207.0,111973.0
5,971000.0,78286.0,8455.0,8122.649999999993,25216.0,111959.0
6,971000.0,81462.0,8455.0,8160.663999999997,25516.0,115435.0
7,971000.0,81165.0,8500.0,8197.388000000004,25512.0,115178.0
8,971000.0,80789.0,8449.0,8151.223000000002,25481.0,114720.0
9,971000.0,78766.0,8465.0,8162.173999999994,25210.0,112442.0
0,981000.0,81593.0,8555.0,8250.092999999993,25800.0,115949.0
1,981000.0,78474.0,8608.0,8248.912000000004,25995.0,113078.0
2,981000.0,81729.0,8549.0,8243.262,25823.0,116103.0
3,981000.0,78438.0,8550.0,8244.811999999996,26097.0,113087.0
4,981000.0,81048.0,8534.0,8244.361999999996,25788.0,115372.0
5,981000.0,81289.0,8527.0,8231.891000000005,25778.0,115595.0
6,981000.0,83221.0,8629.0,8274.434999999998,25773.0,117625.0
7,981000.0,81314.0,8558.0,8248.221999999998,25775.0,115648.0
8,981000.0,83214.0,8560.0,8250.622000000007,25777.0,117553.0
9,981000.0,81265.0,8601.0,8287.935999999987,25840.0,115707.0
0,991000.0,78987.0,8636.0,8285.305000000008,25703.0,113327.0
1,991000.0,78660.0,8688.0,8373.585000000006,25665.0,113014.0
2,991000.0,82871.0,8644.0,8332.729999999998,26077.0,117593.0
3,991000.0,78495.0,8632.0,8330.28999999999,25685.0,112814.0
4,991000.0,82443.0,8705.0,8355.962000000005,26008.0,117158.0
5,991000.0,82465.0,8622.0,8320.399000000009,26044.0,117132.0
6,991000.0,82446.0,8662.0,8361.002999999997,26053.0,117162.0
7,991000.0,82284.0,8636.0,8327.319999999985,26073.0,116994.0
8,991000.0,78630.0,8620.0,8319.228999999992,25658.0,112909.0
9,991000.0,83888.0,8689.0,8374.123999999994,26007.0,118585.0
0,1001000.0,80024.0,8703.0,8368.493,26074.0,114803.0
1,1001000.0,79530.0,8772.0,8454.582000000002,26090.0,114393.0
2,1001000.0,79503.0,8699.0,8373.043999999993,26096.0,114299.0
3,1001000.0,86315.0,8720.0,8415.81699999999,26288.0,121325.0
4,1001000.0,83523.0,8755.0,8449.670999999995,26292.0,118571.0
5,1001000.0,84655.0,8714.0,8412.73799999999,26316.0,119687.0
6,1001000.0,84798.0,8746.0,8448.200999999997,26307.0,119853.0
7,1001000.0,84957.0,8698.0,8399.745999999994,26278.0,119935.0
8,1001000.0,85214.0,8738.0,8438.999999999993,26278.0,120231.0
9,1001000.0,84499.0,8712.0,8412.746999999996,26270.0,119482.0
0,2001000.0,98121.0,17057.0,16702.951999999997,52311.0,167491.0
1,2001000.0,92675.0,17134.0,16819.884000000002,51549.0,161359.0
2,2001000.0,92957.0,17055.0,16753.777000000013,51524.0,161538.0
3,2001000.0,101045.0,17045.0,16752.846999999987,52569.0,170660.0
4,2001000.0,88944.0,17079.0,16736.95500000001,51576.0,157600.0
5,2001000.0,101797.0,17033.0,16736.135000000006,52618.0,171449.0
6,2001000.0,89144.0,17068.0,16765.417999999998,51624.0,157838.0
7,2001000.0,97130.0,17041.0,16743.815,52689.0,166861.0
8,2001000.0,97401.0,17034.0,16736.273999999994,52621.0,167058.0
9,2001000.0,95210.0,17057.0,16752.606,52691.0,164960.0
0,3001000.0,103811.0,25371.0,25073.162999999993,77607.0,206791.0
1,3001000.0,100774.0,25389.0,25088.993000000002,79070.0,205235.0
2,3001000.0,98788.0,25398.0,25089.793,77464.0,201651.0
3,3001000.0,100994.0,25388.0,25087.713000000007,79106.0,205489.0
4,3001000.0,101014.0,25385.0,25082.312,79072.0,205473.0
5,3001000.0,100890.0,25398.0,25091.122,79077.0,205367.0
6,3001000.0,98644.0,25383.0,25082.302,80039.0,204068.0
7,3001000.0,103327.0,25412.0,25116.236,79112.0,207853.0
8,3001000.0,102877.0,25385.0,25081.451,79013.0,207276.0
9,3001000.0,98813.0,25386.0,25080.660000000007,80086.0,204286.0
0,4001000.0,124568.0,33719.0,33419.378,104902.0,263191.0
1,4001000.0,108848.0,33764.0,33416.05700000001,104407.0,247020.0
2,4001000.0,108737.0,33739.0,33408.846999999994,104552.0,247029.0
3,4001000.0,109418.0,33717.0,33416.066999999995,104403.0,247540.0
4,4001000.0,108487.0,33720.0,33416.93600000002,104530.0,246739.0
5,4001000.0,108387.0,33726.0,33421.706999999995,104495.0,246610.0
6,4001000.0,108586.0,33720.0,33415.27400000001,104637.0,246944.0
7,4001000.0,109059.0,33740.0,33449.428,104618.0,247418.0
8,4001000.0,108141.0,33730.0,33425.88500000001,104526.0,246398.0
9,4001000.0,109367.0,33721.0,33414.312999999995,104696.0,247785.0
0,5001000.0,120222.0,42063.0,41715.155999999995,130065.0,292352.0
1,5001000.0,120119.0,42048.0,41752.168999999994,130605.0,292773.0
2,5001000.0,119566.0,42051.0,41751.04799999998,130107.0,291726.0
3,5001000.0,119252.0,42056.0,41756.99900000001,130981.0,292290.0
4,5001000.0,119674.0,42063.0,41753.536000000015,130121.0,291860.0
5,5001000.0,122799.0,42034.0,41738.86499999999,130920.0,295755.0
6,5001000.0,122990.0,42066.0,41756.596000000005,131189.0,296247.0
7,5001000.0,119369.0,42096.0,41741.404,130165.0,291631.0
8,5001000.0,119786.0,42049.0,41750.56300000002,130082.0,291919.0
9,5001000.0,119385.0,42104.0,41792.666999999994,131161.0,292651.0
0,6001000.0,140341.0,50395.0,50089.31900000002,157236.0,347974.0
1,6001000.0,135767.0,50395.0,50089.007,159678.0,345842.0
2,6001000.0,128681.0,50383.0,50083.236,160399.0,339464.0
3,6001000.0,128338.0,50388.0,50087.175,159809.0,338537.0
4,6001000.0,131091.0,50394.0,50088.12300000001,160315.0,341802.0
5,6001000.0,131786.0,50423.0,50119.956000000006,159738.0,341948.0
6,6001000.0,127767.0,50391.0,50088.05099999999,159834.0,337993.0
7,6001000.0,128906.0,50389.0,50086.39099999999,160265.0,339560.0
8,6001000.0,128122.0,50372.0,50078.89800000001,159884.0,338378.0
9,6001000.0,129964.0,50440.0,50127.17300000001,159761.0,340166.0
0,7001000.0,159381.0,58719.0,58420.299999999996,186892.0,404993.0
1,7001000.0,137508.0,58735.0,58411.49999999999,187062.0,383306.0
2,7001000.0,141386.0,58779.0,58460.391999999985,187322.0,387489.0
3,7001000.0,137695.0,58726.0,58424.108000000015,187246.0,383668.0
4,7001000.0,141272.0,58723.0,58428.136,187366.0,387362.0
5,7001000.0,141629.0,58704.0,58412.79500000002,187206.0,387540.0
6,7001000.0,142780.0,58722.0,58420.66300000002,187231.0,388734.0
7,7001000.0,137818.0,58718.0,58421.55200000002,187862.0,384400.0
8,7001000.0,140588.0,58772.0,58459.586,187347.0,386709.0
9,7001000.0,138839.0,58727.0,58426.4,187155.0,384723.0
0,8001000.0,183721.0,67045.0,66747.80999999998,207530.0,458297.0
1,8001000.0,156235.0,67056.0,66754.97799999999,207407.0,430700.0
2,8001000.0,158105.0,67053.0,66753.85499999998,207739.0,432898.0
3,8001000.0,169627.0,67105.0,66795.96,208179.0,444912.0
4,8001000.0,164382.0,67053.0,66754.79400000001,207773.0,439209.0
5,8001000.0,158023.0,67102.0,66796.005,207858.0,432985.0
6,8001000.0,155971.0,67054.0,66754.41100000001,207953.0,430979.0
7,8001000.0,156759.0,67101.0,66792.633,208015.0,431876.0
8,8001000.0,158839.0,67064.0,66707.71200000001,207848.0,433753.0
9,8001000.0,153581.0,67063.0,66756.10599999999,207602.0,428248.0
0,9001000.0,177673.0,75470.0,75116.78600000002,241235.0,494379.0
1,9001000.0,158707.0,75396.0,75092.96999999999,240671.0,474775.0
2,9001000.0,158946.0,75433.0,75126.184,241179.0,475560.0
3,9001000.0,157616.0,75391.0,75089.11700000001,240966.0,473974.0
4,9001000.0,160311.0,75440.0,75127.63799999999,241115.0,476868.0
5,9001000.0,162836.0,75399.0,75092.424,237580.0,475816.0
6,9001000.0,159708.0,75387.0,75086.19200000001,237616.0,472713.0
7,9001000.0,160219.0,75396.0,75089.12000000001,237508.0,473125.0
8,9001000.0,161592.0,75440.0,75127.491,239350.0,476384.0
9,9001000.0,158405.0,75399.0,74989.42699999998,237566.0,471371.0
0,10001000.0,173698.0,83721.0,83416.80099999999,264183.0,521604.0
1,10001000.0,171209.0,83763.0,83457.77199999998,263492.0,518465.0
2,10001000.0,173508.0,83723.0,83420.74500000001,261343.0,518574.0
3,10001000.0,168732.0,83776.0,83463.85900000001,260554.0,513064.0
4,10001000.0,168464.0,83726.0,83422.022,260528.0,512721.0
5,10001000.0,167984.0,83734.0,83427.929,260248.0,511967.0
6,10001000.0,168245.0,83775.0,83461.97,260740.0,512761.0
7,10001000.0,168189.0,83766.0,83415.54499999998,260732.0,512689.0
8,10001000.0,168434.0,83734.0,83427.02299999999,260086.0,512254.0
9,10001000.0,180135.0,83735.0,83428.86099999999,260450.0,524322.0
0,11001000.0,211644.0,92046.0,91746.94100000002,290139.0,593830.0
1,11001000.0,187935.0,92049.0,91750.04899999998,290411.0,570395.0
2,11001000.0,177859.0,92058.0,91755.08600000004,289881.0,559799.0
3,11001000.0,181378.0,92052.0,91750.485,290139.0,563570.0
4,11001000.0,176903.0,92054.0,91757.77300000002,290200.0,559159.0
5,11001000.0,204085.0,92118.0,91797.023,296781.0,592985.0
6,11001000.0,194567.0,92068.0,91759.676,292566.0,579202.0
7,11001000.0,178372.0,92064.0,91760.74299999996,296297.0,566734.0
8,11001000.0,183045.0,92070.0,91760.18999999999,296154.0,571269.0
9,11001000.0,180395.0,92056.0,91755.66,296393.0,568846.0
0,12001000.0,214005.0,100396.0,100093.299,316636.0,631038.0
1,12001000.0,211587.0,100396.0,100089.89500000002,323532.0,635516.0
2,12001000.0,190537.0,100395.0,100090.27100000004,323305.0,614238.0
3,12001000.0,189069.0,100390.0,100090.86899999999,323285.0,612746.0
4,12001000.0,194465.0,100382.0,100082.36399999999,323480.0,618329.0
5,12001000.0,190435.0,100394.0,100091.90099999998,323096.0,613926.0
6,12001000.0,192372.0,100390.0,100090.43800000001,323304.0,616068.0
7,12001000.0,210873.0,100443.0,100130.998,319476.0,630793.0
8,12001000.0,212030.0,100394.0,100091.76099999998,319459.0,631885.0
9,12001000.0,193674.0,100402.0,100093.51699999999,319759.0,613837.0
0,13001000.0,258714.0,108764.0,108420.27299999999,338175.0,705654.0
1,13001000.0,212807.0,108776.0,108464.25399999999,338465.0,660050.0
2,13001000.0,218416.0,108735.0,108430.41900000002,337451.0,664603.0
3,13001000.0,202770.0,108767.0,108462.33800000002,339248.0,650786.0
4,13001000.0,204140.0,108730.0,108378.67799999999,337633.0,650503.0
5,13001000.0,202940.0,108772.0,108414.668,337642.0,649356.0
6,13001000.0,201041.0,108768.0,108462.039,337619.0,647430.0
7,13001000.0,202348.0,108722.0,108383.80800000002,337434.0,648505.0
8,13001000.0,202262.0,108723.0,108421.76800000001,337084.0,648070.0
9,13001000.0,202328.0,108779.0,108464.048,337082.0,648190.0
0,14001000.0,228748.0,117089.0,116765.918,362732.0,708570.0
1,14001000.0,223832.0,117062.0,116760.36399999999,362589.0,703485.0
2,14001000.0,223729.0,117121.0,116800.54399999998,362546.0,703398.0
3,14001000.0,227563.0,117061.0,116760.27499999998,362103.0,706728.0
4,14001000.0,232436.0,117115.0,116801.66299999999,361791.0,711344.0
5,14001000.0,217629.0,117062.0,116760.884,362155.0,696847.0
6,14001000.0,226073.0,117151.0,116790.75399999999,361747.0,704973.0
7,14001000.0,224203.0,117068.0,116714.782,370407.0,711679.0
8,14001000.0,224790.0,117120.0,116802.016,369041.0,710953.0
9,14001000.0,225563.0,117067.0,116760.35900000003,369320.0,711952.0
0,15001000.0,250301.0,125432.0,125127.46200000001,396463.0,772198.0
1,15001000.0,234474.0,125398.0,125098.08499999999,395677.0,755550.0
2,15001000.0,235724.0,125448.0,125135.23400000003,396284.0,757458.0
3,15001000.0,235535.0,125401.0,125094.55699999999,392484.0,753422.0
4,15001000.0,239726.0,125400.0,125093.81200000002,391787.0,756915.0
5,15001000.0,227240.0,125445.0,125133.95000000003,392085.0,744772.0
6,15001000.0,219771.0,125387.0,125090.22899999999,391638.0,736798.0
7,15001000.0,219615.0,125465.0,125122.16899999998,392079.0,737161.0
8,15001000.0,235426.0,125389.0,125086.931,390056.0,750873.0
9,15001000.0,237415.0,125430.0,125130.41200000001,390464.0,753311.0
0,16001000.0,248506.0,133730.0,133429.81500000003,417641.0,799878.0
1,16001000.0,230701.0,133780.0,133470.80500000002,417813.0,782296.0
2,16001000.0,246846.0,133733.0,133430.05700000003,418318.0,798899.0
3,16001000.0,245158.0,133777.0,133466.27199999997,416374.0,795310.0
4,16001000.0,245808.0,133717.0,133421.233,428791.0,808317.0
5,16001000.0,243407.0,133771.0,133466.67299999998,429440.0,806620.0
6,16001000.0,248548.0,133709.0,133419.024,429137.0,811396.0
7,16001000.0,239050.0,133774.0,133466.73400000003,422600.0,795425.0
8,16001000.0,246467.0,133730.0,133426.272,422759.0,802957.0
9,16001000.0,237771.0,133775.0,133467.642,423143.0,794690.0
0,17001000.0,285545.0,142069.0,141766.04200000002,442314.0,869930.0
1,17001000.0,259650.0,142098.0,141797.36100000003,442791.0,844540.0
2,17001000.0,235490.0,142061.0,141761.38099999996,441141.0,818693.0
3,17001000.0,237728.0,142069.0,141763.26300000004,440835.0,820634.0
4,17001000.0,240259.0,142070.0,141762.58899999995,441377.0,823707.0
5,17001000.0,236980.0,142069.0,141766.16499999998,441073.0,820123.0
6,17001000.0,237684.0,142067.0,141764.33100000003,440068.0,819820.0
7,17001000.0,243050.0,142056.0,141752.45099999997,439841.0,824949.0
8,17001000.0,236873.0,142068.0,141762.677,439854.0,818796.0
9,17001000.0,242749.0,142104.0,141759.85199999996,439913.0,824767.0
0,18001000.0,248410.0,150415.0,150102.08400000003,475527.0,874353.0
1,18001000.0,250102.0,150407.0,150100.014,475909.0,876420.0
2,18001000.0,251410.0,150442.0,150092.189,475280.0,877132.0
3,18001000.0,250684.0,150399.0,150096.124,474701.0,875785.0
4,18001000.0,249626.0,150401.0,150096.79499999998,474877.0,874905.0
5,18001000.0,257524.0,150434.0,150092.96,475125.0,883083.0
6,18001000.0,254777.0,150397.0,150090.546,475206.0,880381.0
7,18001000.0,246217.0,150410.0,150099.52,475098.0,871726.0
8,18001000.0,248767.0,150401.0,150099.263,474771.0,873940.0
9,18001000.0,275196.0,150403.0,150093.398,470231.0,895832.0
0,19001000.0,288710.0,158793.0,158469.90699999998,498193.0,945697.0
1,19001000.0,277868.0,158736.0,158430.765,496995.0,933600.0
2,19001000.0,276608.0,158778.0,158469.48400000003,497558.0,932946.0
3,19001000.0,258134.0,158730.0,158428.271,494080.0,910945.0
4,19001000.0,258899.0,158773.0,158468.57000000004,494736.0,912409.0
5,19001000.0,256936.0,158731.0,158428.53199999998,493978.0,909647.0
6,19001000.0,259592.0,158717.0,158420.411,494181.0,912492.0
7,19001000.0,281228.0,158782.0,158469.93200000003,492714.0,932725.0
8,19001000.0,281699.0,158738.0,158432.481,492586.0,933024.0
9,19001000.0,258998.0,158736.0,158430.47400000002,492484.0,910220.0
0,20001000.0,266251.0,167063.0,166764.43699999998,531419.0,964734.0
1,20001000.0,270587.0,167069.0,166765.52699999997,534624.0,972281.0
2,20001000.0,268135.0,167075.0,166767.03300000002,534452.0,969663.0
3,20001000.0,267177.0,167117.0,166757.87199999997,534531.0,968826.0
4,20001000.0,268568.0,167065.0,166764.16799999998,534288.0,969924.0
5,20001000.0,290944.0,167111.0,166763.36100000003,528374.0,986430.0
6,20001000.0,291122.0,167070.0,166770.044,527601.0,985795.0
7,20001000.0,268715.0,167077.0,166769.56900000005,527611.0,963403.0
8,20001000.0,267896.0,167068.0,166768.51999999996,527668.0,962634.0
9,20001000.0,290359.0,167115.0,166801.57799999995,528058.0,985533.0
0,21001000.0,304886.0,175388.0,175090.398,554876.0,1035152.0
1,21001000.0,295320.0,175438.0,175131.638,554745.0,1025506.0
2,21001000.0,295022.0,175391.0,175050.84,559806.0,1030220.0
3,21001000.0,300056.0,175447.0,175137.473,548568.0,1024072.0
4,21001000.0,289010.0,175441.0,175094.67899999997,548821.0,1013272.0
5,21001000.0,292664.0,175437.0,175129.67699999997,549200.0,1017302.0
6,21001000.0,287187.0,175449.0,175087.533,550530.0,1013168.0
7,21001000.0,302319.0,175451.0,175138.56300000002,546271.0,1024043.0
8,21001000.0,297097.0,175385.0,175087.78900000005,546669.0,1019153.0
9,21001000.0,293862.0,175448.0,175136.998,546207.0,1015518.0
0,22001000.0,313129.0,183734.0,183434.60599999997,570515.0,1067380.0
1,22001000.0,319368.0,183773.0,183468.63999999998,568398.0,1071540.0
2,22001000.0,313633.0,183732.0,183431.05100000004,568761.0,1066128.0
3,22001000.0,307001.0,183741.0,183434.75100000002,568839.0,1059583.0
4,22001000.0,313360.0,183780.0,183471.0,581170.0,1078311.0
5,22001000.0,300168.0,183733.0,183430.75599999996,579511.0,1063414.0
6,22001000.0,304412.0,183736.0,183431.11800000002,586432.0,1074581.0
7,22001000.0,291628.0,183732.0,183430.971,587511.0,1062871.0
8,22001000.0,291931.0,183729.0,183430.44100000002,584484.0,1060145.0
9,22001000.0,294068.0,183735.0,183433.11699999997,584678.0,1062483.0
0,23001000.0,296861.0,192063.0,191764.074,610886.0,1099811.0
1,23001000.0,310776.0,192081.0,191775.33699999997,602182.0,1105040.0
2,23001000.0,297405.0,192067.0,191767.328,610891.0,1100364.0
3,23001000.0,301302.0,192121.0,191771.778,602035.0,1095459.0
4,23001000.0,295674.0,192074.0,191767.542,604438.0,1092187.0
5,23001000.0,303208.0,192067.0,191762.63199999998,595524.0,1090800.0
6,23001000.0,302894.0,192063.0,191764.68300000005,595682.0,1090640.0
7,23001000.0,300010.0,192066.0,191763.848,595811.0,1087889.0
8,23001000.0,298971.0,192165.0,191820.19299999997,606230.0,1097367.0
9,23001000.0,299737.0,192081.0,191721.09400000004,606742.0,1098561.0
0,24001000.0,308666.0,200440.0,200134.119,628600.0,1137708.0
1,24001000.0,315449.0,200409.0,200054.93199999994,625379.0,1141238.0
2,24001000.0,310666.0,200407.0,200099.806,626120.0,1137194.0
3,24001000.0,308781.0,200454.0,200144.26499999996,626037.0,1135274.0
4,24001000.0,309751.0,200402.0,200098.47999999998,624601.0,1134756.0
5,24001000.0,313459.0,200434.0,200133.04299999998,623628.0,1137523.0
6,24001000.0,317408.0,200451.0,200089.52400000003,623414.0,1141274.0
7,24001000.0,317110.0,200436.0,200131.17699999997,624016.0,1141564.0
8,24001000.0,331105.0,200412.0,200104.67500000005,621704.0,1153222.0
9,24001000.0,330325.0,200452.0,200141.67099999991,646438.0,1177217.0
0,25001000.0,328264.0,208728.0,208427.08899999998,672610.0,1209603.0
1,25001000.0,323492.0,208726.0,208430.16899999997,659507.0,1191726.0
2,25001000.0,320017.0,208733.0,208432.22800000006,659540.0,1188292.0
3,25001000.0,321042.0,208726.0,208424.89700000006,659715.0,1189485.0
4,25001000.0,323392.0,208735.0,208432.432,653022.0,1185151.0
5,25001000.0,329400.0,208736.0,208432.49299999996,653189.0,1191326.0
6,25001000.0,315363.0,208739.0,208434.94300000003,653599.0,1177703.0
7,25001000.0,321791.0,208735.0,208435.35300000003,650783.0,1181311.0
8,25001000.0,318921.0,208789.0,208474.42899999992,653489.0,1181200.0
9,25001000.0,320106.0,208734.0,208387.94300000006,650880.0,1179721.0
0,26001000.0,337220.0,217072.0,216767.52400000003,675104.0,1229397.0
1,26001000.0,330604.0,217074.0,216769.204,674540.0,1222218.0
2,26001000.0,332704.0,217059.0,216765.43199999997,675180.0,1224945.0
3,26001000.0,326866.0,217118.0,216808.597,673447.0,1217432.0
4,26001000.0,330808.0,217065.0,216766.437,678534.0,1226409.0
5,26001000.0,327302.0,217092.0,216794.50900000005,673993.0,1218388.0
6,26001000.0,330407.0,217072.0,216769.28600000008,679002.0,1226483.0
7,26001000.0,327079.0,217116.0,216807.819,679044.0,1223240.0
8,26001000.0,329107.0,217068.0,216770.04599999997,679228.0,1225405.0
9,26001000.0,327620.0,217122.0,216808.26100000003,692555.0,1237298.0
0,27001000.0,342116.0,225406.0,225102.43199999997,704455.0,1271979.0
1,27001000.0,337157.0,225406.0,225103.02299999996,703940.0,1266503.0
2,27001000.0,364165.0,225406.0,225104.602,704284.0,1293855.0
3,27001000.0,358629.0,225406.0,225101.21199999997,703327.0,1287364.0
4,27001000.0,340905.0,225397.0,225098.83099999995,704495.0,1270798.0
5,27001000.0,340626.0,225407.0,225103.76099999997,702561.0,1268595.0
6,27001000.0,339655.0,225483.0,225136.85400000002,701541.0,1266681.0
7,27001000.0,337719.0,225410.0,225101.841,701767.0,1264898.0
8,27001000.0,339686.0,225408.0,225102.72999999995,699306.0,1264402.0
9,27001000.0,340964.0,225451.0,225141.82500000004,703455.0,1269872.0
0,28001000.0,353895.0,233748.0,233438.23300000004,726074.0,1313718.0
1,28001000.0,364335.0,233739.0,233435.95299999998,725024.0,1323099.0
2,28001000.0,373886.0,233750.0,233442.36200000005,725100.0,1332736.0
3,28001000.0,352458.0,233743.0,233438.78300000005,726441.0,1312644.0
4,28001000.0,356431.0,233724.0,233428.09200000006,723997.0,1314154.0
5,28001000.0,349357.0,233738.0,233435.61200000005,723388.0,1306485.0
6,28001000.0,378405.0,233732.0,233434.351,723545.0,1335683.0
7,28001000.0,358487.0,233744.0,233436.89199999993,738713.0,1330945.0
8,28001000.0,369320.0,233736.0,233437.06100000002,738661.0,1341719.0
9,28001000.0,375690.0,233735.0,233432.31099999996,734425.0,1343852.0
0,29001000.0,371568.0,242067.0,241769.02700000006,755757.0,1369394.0
1,29001000.0,355275.0,242123.0,241760.26499999996,756224.0,1353624.0
2,29001000.0,364759.0,242075.0,241771.31600000002,756415.0,1363250.0
3,29001000.0,356968.0,242074.0,241771.86599999998,750757.0,1349801.0
4,29001000.0,363997.0,242074.0,241773.02500000002,750585.0,1356658.0
5,29001000.0,361039.0,242067.0,241771.41500000004,751510.0,1354618.0
6,29001000.0,364000.0,242070.0,241769.36399999994,756807.0,1362878.0
7,29001000.0,365864.0,242066.0,241765.58200000005,757308.0,1365239.0
8,29001000.0,374328.0,242074.0,241769.33099999998,769709.0,1386113.0
9,29001000.0,360607.0,242070.0,241768.24999999997,773076.0,1375755.0
0,30001000.0,384423.0,250402.0,250104.69099999993,799861.0,1434688.0
1,30001000.0,367081.0,250402.0,250103.41000000006,791495.0,1408980.0
2,30001000.0,371941.0,250401.0,250102.11899999995,802913.0,1425256.0
3,30001000.0,369631.0,250408.0,250103.65899999999,802919.0,1422959.0
4,30001000.0,372340.0,250407.0,250106.439,805065.0,1427813.0
5,30001000.0,369740.0,250401.0,250100.46899999998,791442.0,1411585.0
6,30001000.0,382694.0,250399.0,250099.06800000006,792067.0,1425162.0
7,30001000.0,368002.0,250410.0,250104.257,796123.0,1414537.0
8,30001000.0,375999.0,250401.0,250102.4949999999,783994.0,1410395.0
9,30001000.0,367045.0,250438.0,250099.92299999998,783752.0,1401237.0
0,31001000.0,385919.0,258739.0,258437.11099999995,803688.0,1448347.0
1,31001000.0,381488.0,258739.0,258436.61099999998,809553.0,1449781.0
2,31001000.0,382326.0,258743.0,258439.55099999995,809535.0,1450606.0
3,31001000.0,377729.0,258749.0,258442.72100000002,806033.0,1442512.0
4,31001000.0,386593.0,258748.0,258440.29,825785.0,1471127.0
5,31001000.0,382298.0,258735.0,258436.20599999998,827963.0,1468997.0
6,31001000.0,382656.0,258776.0,258435.355,817147.0,1458580.0
7,31001000.0,375616.0,258728.0,258428.59400000004,829818.0,1464164.0
8,31001000.0,385251.0,258745.0,258437.92600000006,829757.0,1473754.0
9,31001000.0,384116.0,258737.0,258438.52500000002,834943.0,1477797.0
0,32001000.0,419145.0,267067.0,266765.35599999997,845229.0,1531443.0
1,32001000.0,383977.0,267063.0,266763.785,845191.0,1496233.0
2,32001000.0,410791.0,267074.0,266776.156,835646.0,1513513.0
3,32001000.0,393184.0,267065.0,266764.494,835912.0,1496162.0
4,32001000.0,406153.0,267076.0,266774.8619999999,837980.0,1511210.0
5,32001000.0,387064.0,267075.0,266769.979,842922.0,1497063.0
6,32001000.0,397028.0,267091.0,266774.08999999997,833004.0,1497124.0
7,32001000.0,399316.0,267075.0,266774.49,829703.0,1496096.0
8,32001000.0,401613.0,267078.0,266773.62899999996,830805.0,1499497.0
9,32001000.0,385252.0,267072.0,266774.136,829797.0,1482123.0
0,33001000.0,405622.0,275427.0,275110.607,883580.0,1564631.0
1,33001000.0,398740.0,275418.0,275105.776,883964.0,1558124.0
2,33001000.0,413109.0,275422.0,275108.903,871276.0,1559808.0
3,33001000.0,409234.0,275477.0,275146.426,871839.0,1556553.0
4,33001000.0,415913.0,275423.0,275107.57200000004,867256.0,1558593.0
5,33001000.0,398975.0,275417.0,275103.20900000003,862530.0,1536924.0
6,33001000.0,410924.0,275420.0,275109.197,861637.0,1547982.0
7,33001000.0,414134.0,275422.0,275107.077,858779.0,1548337.0
8,33001000.0,412260.0,275407.0,275106.2360000001,858182.0,1545850.0
9,33001000.0,401128.0,275397.0,275098.672,855803.0,1532330.0
0,34001000.0,422958.0,283735.0,283436.52099999995,907960.0,1614654.0
1,34001000.0,426111.0,283746.0,283439.469,914113.0,1623973.0
2,34001000.0,418281.0,283748.0,283444.367,912412.0,1614443.0
3,34001000.0,426820.0,283739.0,283439.566,916785.0,1627345.0
4,34001000.0,419042.0,283745.0,283442.022,916127.0,1618915.0
5,34001000.0,410276.0,283787.0,283435.072,897845.0,1591910.0
6,34001000.0,414463.0,283754.0,283448.923,898003.0,1596222.0
7,34001000.0,412740.0,283746.0,283443.13800000004,888461.0,1584948.0
8,34001000.0,422348.0,283739.0,283440.518,888544.0,1594633.0
